[
  {
    "id": "84efbcbe-bfcc-4d32-9ca1-68e907d82a57",
    "data": [
      {
        "text": "change the name of ",
        "userDefined": false
      },
      {
        "text": "random0",
        "alias": "Dataset",
        "meta": "@sys.any",
        "userDefined": true
      },
      {
        "text": " into ",
        "userDefined": false
      },
      {
        "text": "rnd0_0",
        "alias": "NameInto",
        "meta": "@sys.any",
        "userDefined": true
      }
    ],
    "isTemplate": false,
    "count": 0
  },
  {
    "id": "874b11ea-fbbb-4bc4-b84f-691a9a0552a0",
    "data": [
      {
        "text": "Rename ",
        "userDefined": false
      },
      {
        "text": "titanic",
        "alias": "Dataset",
        "meta": "@sys.any",
        "userDefined": true
      }
    ],
    "isTemplate": false,
    "count": 0
  },
  {
    "id": "5eb67719-88a9-4ba2-a92f-45cce685814f",
    "data": [
      {
        "text": "Rename ",
        "userDefined": false
      },
      {
        "text": "stomp0",
        "alias": "Dataset",
        "meta": "@sys.any",
        "userDefined": true
      },
      {
        "text": " to ",
        "userDefined": false
      },
      {
        "text": "stp0",
        "alias": "NameInto",
        "meta": "@sys.any",
        "userDefined": true
      }
    ],
    "isTemplate": false,
    "count": 0
  },
  {
    "id": "293e1856-bad8-4f55-b433-0c020c6cdcd3",
    "data": [
      {
        "text": "Rename ",
        "userDefined": false
      },
      {
        "text": "random0",
        "alias": "Dataset",
        "meta": "@sys.any",
        "userDefined": true
      },
      {
        "text": " to ",
        "userDefined": false
      },
      {
        "text": "random_0",
        "alias": "NameInto",
        "meta": "@sys.any",
        "userDefined": true
      }
    ],
    "isTemplate": false,
    "count": 0
  },
  {
    "id": "827bd5e2-ef01-4851-be52-3c9d98e6823c",
    "data": [
      {
        "text": "rename ",
        "userDefined": false
      },
      {
        "text": "ecg",
        "alias": "Dataset",
        "meta": "@sys.any",
        "userDefined": false
      },
      {
        "text": " to ",
        "userDefined": false
      },
      {
        "text": "energy",
        "alias": "NameInto",
        "meta": "@sys.any",
        "userDefined": false
      }
    ],
    "isTemplate": false,
    "count": 0
  }
]