[
  {
    "id": "cdf230ef-eec8-4353-8529-dd64e0f84170",
    "data": [
      {
        "text": "Execute ",
        "userDefined": false
      },
      {
        "text": "squared euclidean distance",
        "alias": "operation",
        "meta": "@distances",
        "userDefined": false
      }
    ],
    "isTemplate": false,
    "count": 0
  },
  {
    "id": "c5cc6788-1af8-4218-ac7e-7e8d8b14ead0",
    "data": [
      {
        "text": "Execute ",
        "userDefined": false
      },
      {
        "text": "sbd",
        "alias": "operation",
        "meta": "@distances",
        "userDefined": false
      },
      {
        "text": " on ",
        "userDefined": false
      },
      {
        "text": "energy",
        "alias": "Dataset",
        "meta": "@Dataset",
        "userDefined": false
      }
    ],
    "isTemplate": false,
    "count": 0
  },
  {
    "id": "c20bbfee-3113-4042-9217-f1afbf2da96d",
    "data": [
      {
        "text": "Execute ",
        "userDefined": false
      },
      {
        "text": "manhattan distance",
        "alias": "operation",
        "meta": "@distances",
        "userDefined": false
      }
    ],
    "isTemplate": false,
    "count": 0
  },
  {
    "id": "02c2799f-63cd-4dc2-8582-0b4b28805e09",
    "data": [
      {
        "text": "Execute the ",
        "userDefined": false
      },
      {
        "text": "hamming",
        "alias": "operation",
        "meta": "@distances",
        "userDefined": false
      },
      {
        "text": " on ",
        "userDefined": false
      },
      {
        "text": "energy",
        "alias": "Dataset",
        "meta": "@Dataset",
        "userDefined": false
      }
    ],
    "isTemplate": false,
    "count": 0
  },
  {
    "id": "db55876e-5a11-4117-8434-75399dc32aa1",
    "data": [
      {
        "text": "Execute the ",
        "userDefined": false
      },
      {
        "text": "euclidean distance",
        "alias": "operation",
        "meta": "@distances",
        "userDefined": false
      },
      {
        "text": " on ",
        "userDefined": false
      },
      {
        "text": "energy",
        "alias": "Dataset",
        "meta": "@Dataset",
        "userDefined": false
      }
    ],
    "isTemplate": false,
    "count": 0
  },
  {
    "id": "5a259d50-eaef-4fab-a991-e7d7b38ad5a7",
    "data": [
      {
        "text": "Execute the ",
        "userDefined": false
      },
      {
        "text": "dynamic time warping",
        "alias": "operation",
        "meta": "@distances",
        "userDefined": false
      },
      {
        "text": " on ",
        "userDefined": false
      },
      {
        "text": "energy",
        "alias": "Dataset",
        "meta": "@Dataset",
        "userDefined": false
      }
    ],
    "isTemplate": false,
    "count": 0
  }
]