[
  {
    "id": "c098be9f-fa16-4f90-a836-2cf0f08f28bd",
    "data": [
      {
        "text": "Execute ",
        "userDefined": false
      },
      {
        "text": "squared euclidean distance",
        "alias": "operation",
        "meta": "@distances",
        "userDefined": false
      }
    ],
    "isTemplate": false,
    "count": 0
  },
  {
    "id": "e5c52700-11e0-4c73-9919-320bf2c9ca06",
    "data": [
      {
        "text": "Execute ",
        "userDefined": false
      },
      {
        "text": "sbd",
        "alias": "operation",
        "meta": "@distances",
        "userDefined": false
      },
      {
        "text": " on ",
        "userDefined": false
      },
      {
        "text": "energy",
        "alias": "Dataset",
        "meta": "@Dataset",
        "userDefined": false
      }
    ],
    "isTemplate": false,
    "count": 0
  },
  {
    "id": "4159b639-a12b-4f88-ad14-ba5c2bc51564",
    "data": [
      {
        "text": "Execute ",
        "userDefined": false
      },
      {
        "text": "manhattan distance",
        "alias": "operation",
        "meta": "@distances",
        "userDefined": false
      }
    ],
    "isTemplate": false,
    "count": 0
  },
  {
    "id": "fd5b2f04-2aa3-4c10-af7d-61c5afd27f24",
    "data": [
      {
        "text": "Execute the ",
        "userDefined": false
      },
      {
        "text": "hamming",
        "alias": "operation",
        "meta": "@distances",
        "userDefined": false
      },
      {
        "text": " on ",
        "userDefined": false
      },
      {
        "text": "energy",
        "alias": "Dataset",
        "meta": "@Dataset",
        "userDefined": false
      }
    ],
    "isTemplate": false,
    "count": 0
  },
  {
    "id": "93cbe2de-fe3b-4cf9-a2c7-f30da386763b",
    "data": [
      {
        "text": "Execute the ",
        "userDefined": false
      },
      {
        "text": "euclidean distance",
        "alias": "operation",
        "meta": "@distances",
        "userDefined": false
      },
      {
        "text": " on ",
        "userDefined": false
      },
      {
        "text": "energy",
        "alias": "Dataset",
        "meta": "@Dataset",
        "userDefined": false
      }
    ],
    "isTemplate": false,
    "count": 0
  },
  {
    "id": "7113584f-657a-4d33-b736-986a7b12a376",
    "data": [
      {
        "text": "Execute the ",
        "userDefined": false
      },
      {
        "text": "dynamic time warping",
        "alias": "operation",
        "meta": "@distances",
        "userDefined": false
      },
      {
        "text": " on ",
        "userDefined": false
      },
      {
        "text": "energy",
        "alias": "Dataset",
        "meta": "@Dataset",
        "userDefined": false
      }
    ],
    "isTemplate": false,
    "count": 0
  }
]