[
  {
    "id": "2554c507-5564-4476-a6cc-d602dbb1cce3",
    "data": [
      {
        "text": "Execute ",
        "userDefined": false
      },
      {
        "text": "squared euclidean distance",
        "alias": "operation",
        "meta": "@distances",
        "userDefined": false
      }
    ],
    "isTemplate": false,
    "count": 0
  },
  {
    "id": "8dfd91d6-826c-4c15-b9d8-e3973e8e8988",
    "data": [
      {
        "text": "Execute ",
        "userDefined": false
      },
      {
        "text": "sbd",
        "alias": "operation",
        "meta": "@distances",
        "userDefined": false
      },
      {
        "text": " on ",
        "userDefined": false
      },
      {
        "text": "energy",
        "alias": "Dataset",
        "meta": "@Dataset",
        "userDefined": false
      }
    ],
    "isTemplate": false,
    "count": 0
  },
  {
    "id": "61750a7c-0eea-4431-babb-8b33222034a1",
    "data": [
      {
        "text": "Execute ",
        "userDefined": false
      },
      {
        "text": "manhattan distance",
        "alias": "operation",
        "meta": "@distances",
        "userDefined": false
      }
    ],
    "isTemplate": false,
    "count": 0
  },
  {
    "id": "6d73c050-37d1-4b75-a5e9-e22d60e2e0a6",
    "data": [
      {
        "text": "Execute the ",
        "userDefined": false
      },
      {
        "text": "hamming",
        "alias": "operation",
        "meta": "@distances",
        "userDefined": false
      },
      {
        "text": " on ",
        "userDefined": false
      },
      {
        "text": "energy",
        "alias": "Dataset",
        "meta": "@Dataset",
        "userDefined": false
      }
    ],
    "isTemplate": false,
    "count": 0
  },
  {
    "id": "88f0481a-b6c5-4dda-94e1-f313768e2a4e",
    "data": [
      {
        "text": "Execute the ",
        "userDefined": false
      },
      {
        "text": "euclidean distance",
        "alias": "operation",
        "meta": "@distances",
        "userDefined": false
      },
      {
        "text": " on ",
        "userDefined": false
      },
      {
        "text": "energy",
        "alias": "Dataset",
        "meta": "@Dataset",
        "userDefined": false
      }
    ],
    "isTemplate": false,
    "count": 0
  },
  {
    "id": "8acdfb25-7507-40c6-ae07-f5f8b542aebe",
    "data": [
      {
        "text": "Execute the ",
        "userDefined": false
      },
      {
        "text": "dynamic time warping",
        "alias": "operation",
        "meta": "@distances",
        "userDefined": false
      },
      {
        "text": " on ",
        "userDefined": false
      },
      {
        "text": "energy",
        "alias": "Dataset",
        "meta": "@Dataset",
        "userDefined": false
      }
    ],
    "isTemplate": false,
    "count": 0
  }
]