[
  {
    "id": "1b12b4e6-c172-4144-852c-40c85967db3f",
    "data": [
      {
        "text": "Do a ",
        "userDefined": false
      },
      {
        "text": "linear least square",
        "alias": "linalg",
        "meta": "@linalg",
        "userDefined": false
      },
      {
        "text": " to ",
        "userDefined": false
      },
      {
        "text": "titanic",
        "alias": "Dataset",
        "meta": "@Dataset",
        "userDefined": true
      },
      {
        "text": " for ",
        "userDefined": false
      },
      {
        "text": "Fare",
        "alias": "columns",
        "meta": "@sys.any",
        "userDefined": true
      }
    ],
    "isTemplate": false,
    "count": 0
  },
  {
    "id": "b06f09a9-e7d1-49b8-81b9-ad5563362935",
    "data": [
      {
        "text": "Do a ",
        "userDefined": false
      },
      {
        "text": "linear least square",
        "alias": "linalg",
        "meta": "@linalg",
        "userDefined": false
      },
      {
        "text": " to ",
        "userDefined": false
      },
      {
        "text": "energy",
        "alias": "Dataset",
        "meta": "@Dataset",
        "userDefined": false
      }
    ],
    "isTemplate": false,
    "count": 0
  },
  {
    "id": "664bafb1-29f6-4d38-b752-b0a9babe7212",
    "data": [
      {
        "text": "Do the ",
        "userDefined": false
      },
      {
        "text": "least square",
        "alias": "linalg",
        "meta": "@linalg",
        "userDefined": false
      },
      {
        "text": " of ",
        "userDefined": false
      },
      {
        "text": "energy",
        "alias": "Dataset",
        "meta": "@Dataset",
        "userDefined": false
      }
    ],
    "isTemplate": false,
    "count": 0
  },
  {
    "id": "13456c4f-0418-4483-8090-10bf0d6f6294",
    "data": [
      {
        "text": "Do ",
        "userDefined": false
      },
      {
        "text": "lls",
        "alias": "linalg",
        "meta": "@linalg",
        "userDefined": false
      }
    ],
    "isTemplate": false,
    "count": 0
  }
]