[
  {
    "id": "b25c572e-a276-4740-a876-90438503f48d",
    "data": [
      {
        "text": "Execute ",
        "userDefined": false
      },
      {
        "text": "linear least square",
        "alias": "linalg",
        "meta": "@linalg",
        "userDefined": false
      },
      {
        "text": " for ",
        "userDefined": false
      },
      {
        "text": "value1",
        "alias": "Dataset",
        "meta": "@Dataset",
        "userDefined": true
      },
      {
        "text": " and ",
        "userDefined": false
      },
      {
        "text": "value2",
        "alias": "Dataset1",
        "meta": "@Dataset",
        "userDefined": true
      }
    ],
    "isTemplate": false,
    "count": 0
  },
  {
    "id": "bc024a96-a276-4ddf-8a58-750a711f399a",
    "data": [
      {
        "text": "Do a ",
        "userDefined": false
      },
      {
        "text": "linear least square",
        "alias": "linalg",
        "meta": "@linalg",
        "userDefined": false
      },
      {
        "text": " to ",
        "userDefined": false
      },
      {
        "text": "titanic",
        "alias": "Dataset",
        "meta": "@Dataset",
        "userDefined": true
      },
      {
        "text": " for ",
        "userDefined": false
      },
      {
        "text": "Fare",
        "alias": "columns",
        "meta": "@sys.any",
        "userDefined": true
      }
    ],
    "isTemplate": false,
    "count": 0
  },
  {
    "id": "90dbcc27-4509-4f46-944d-65f4615c60bb",
    "data": [
      {
        "text": "Do ",
        "userDefined": false
      },
      {
        "text": "lls",
        "alias": "linalg",
        "meta": "@linalg",
        "userDefined": false
      }
    ],
    "isTemplate": false,
    "count": 0
  },
  {
    "id": "11d25f4b-e467-4d7f-aff1-3ab4cf304940",
    "data": [
      {
        "text": "Do the ",
        "userDefined": false
      },
      {
        "text": "least square",
        "alias": "linalg",
        "meta": "@linalg",
        "userDefined": false
      },
      {
        "text": " of ",
        "userDefined": false
      },
      {
        "text": "energy",
        "alias": "Dataset",
        "meta": "@Dataset",
        "userDefined": false
      }
    ],
    "isTemplate": false,
    "count": 0
  },
  {
    "id": "880af112-214b-4af6-9a97-3e23376438d2",
    "data": [
      {
        "text": "Do a ",
        "userDefined": false
      },
      {
        "text": "linear least square",
        "alias": "linalg",
        "meta": "@linalg",
        "userDefined": false
      },
      {
        "text": " to ",
        "userDefined": false
      },
      {
        "text": "energy",
        "alias": "Dataset",
        "meta": "@Dataset",
        "userDefined": false
      }
    ],
    "isTemplate": false,
    "count": 0
  }
]