[
  {
    "id": "89652dd0-fd55-4029-95e9-26dbb4630eb9",
    "data": [
      {
        "text": "Do a ",
        "userDefined": false
      },
      {
        "text": "linear least square",
        "alias": "linalg",
        "meta": "@linalg",
        "userDefined": false
      },
      {
        "text": " to ",
        "userDefined": false
      },
      {
        "text": "titanic",
        "alias": "Dataset",
        "meta": "@Dataset",
        "userDefined": true
      },
      {
        "text": " for ",
        "userDefined": false
      },
      {
        "text": "Fare",
        "alias": "columns",
        "meta": "@sys.any",
        "userDefined": true
      }
    ],
    "isTemplate": false,
    "count": 0
  },
  {
    "id": "3e37a32f-6047-4733-aec3-844eb8da3a16",
    "data": [
      {
        "text": "Do a ",
        "userDefined": false
      },
      {
        "text": "linear least square",
        "alias": "linalg",
        "meta": "@linalg",
        "userDefined": false
      },
      {
        "text": " to ",
        "userDefined": false
      },
      {
        "text": "energy",
        "alias": "Dataset",
        "meta": "@Dataset",
        "userDefined": false
      }
    ],
    "isTemplate": false,
    "count": 0
  },
  {
    "id": "effd8c34-018f-4942-9ca5-0c318b4fdc17",
    "data": [
      {
        "text": "Do the ",
        "userDefined": false
      },
      {
        "text": "least square",
        "alias": "linalg",
        "meta": "@linalg",
        "userDefined": false
      },
      {
        "text": " of ",
        "userDefined": false
      },
      {
        "text": "energy",
        "alias": "Dataset",
        "meta": "@Dataset",
        "userDefined": false
      }
    ],
    "isTemplate": false,
    "count": 0
  },
  {
    "id": "5786f32f-1ce9-4c09-bda6-a434f12835c9",
    "data": [
      {
        "text": "Do ",
        "userDefined": false
      },
      {
        "text": "lls",
        "alias": "linalg",
        "meta": "@linalg",
        "userDefined": false
      }
    ],
    "isTemplate": false,
    "count": 0
  }
]