[
  {
    "id": "17a38d49-077f-4b1f-b30c-2dbbed87b680",
    "data": [
      {
        "text": "Execute ",
        "userDefined": false
      },
      {
        "text": "linear least square",
        "alias": "linalg",
        "meta": "@linalg",
        "userDefined": false
      },
      {
        "text": " for ",
        "userDefined": false
      },
      {
        "text": "value1",
        "alias": "Dataset",
        "meta": "@Dataset",
        "userDefined": true
      },
      {
        "text": " and ",
        "userDefined": false
      },
      {
        "text": "value2",
        "alias": "Dataset1",
        "meta": "@Dataset",
        "userDefined": true
      }
    ],
    "isTemplate": false,
    "count": 0
  },
  {
    "id": "5060cb05-cd32-49d6-a914-28c81e820e27",
    "data": [
      {
        "text": "Do a ",
        "userDefined": false
      },
      {
        "text": "linear least square",
        "alias": "linalg",
        "meta": "@linalg",
        "userDefined": false
      },
      {
        "text": " to ",
        "userDefined": false
      },
      {
        "text": "titanic",
        "alias": "Dataset",
        "meta": "@Dataset",
        "userDefined": true
      },
      {
        "text": " for ",
        "userDefined": false
      },
      {
        "text": "Fare",
        "alias": "columns",
        "meta": "@sys.any",
        "userDefined": true
      }
    ],
    "isTemplate": false,
    "count": 0
  },
  {
    "id": "6ee201bc-d8ba-4759-b909-3a489f0a8c43",
    "data": [
      {
        "text": "Do ",
        "userDefined": false
      },
      {
        "text": "lls",
        "alias": "linalg",
        "meta": "@linalg",
        "userDefined": false
      }
    ],
    "isTemplate": false,
    "count": 0
  },
  {
    "id": "592565b4-199a-4c1d-a254-148f29ec5e8a",
    "data": [
      {
        "text": "Do the ",
        "userDefined": false
      },
      {
        "text": "least square",
        "alias": "linalg",
        "meta": "@linalg",
        "userDefined": false
      },
      {
        "text": " of ",
        "userDefined": false
      },
      {
        "text": "energy",
        "alias": "Dataset",
        "meta": "@Dataset",
        "userDefined": false
      }
    ],
    "isTemplate": false,
    "count": 0
  },
  {
    "id": "52cd920e-bf73-4f27-a0be-d3afac0bf117",
    "data": [
      {
        "text": "Do a ",
        "userDefined": false
      },
      {
        "text": "linear least square",
        "alias": "linalg",
        "meta": "@linalg",
        "userDefined": false
      },
      {
        "text": " to ",
        "userDefined": false
      },
      {
        "text": "energy",
        "alias": "Dataset",
        "meta": "@Dataset",
        "userDefined": false
      }
    ],
    "isTemplate": false,
    "count": 0
  }
]