[
  {
    "id": "d9624662-3dec-4f39-99e4-408ec1176dbf",
    "data": [
      {
        "text": "Find best ",
        "userDefined": false
      },
      {
        "text": "2",
        "alias": "n",
        "meta": "@sys.number",
        "userDefined": true
      },
      {
        "text": " ",
        "userDefined": false
      },
      {
        "text": "discords",
        "alias": "operation",
        "meta": "@matrix",
        "userDefined": false
      },
      {
        "text": " from ",
        "userDefined": false
      },
      {
        "text": "stomp0",
        "alias": "Dataset",
        "meta": "@Dataset",
        "userDefined": true
      }
    ],
    "isTemplate": false,
    "count": 0,
    "updated": 0
  },
  {
    "id": "ea4e76d4-9671-4d5a-9494-c9ab790453e3",
    "data": [
      {
        "text": "Execute best ",
        "userDefined": false
      },
      {
        "text": "10",
        "alias": "n",
        "meta": "@sys.number",
        "userDefined": false
      },
      {
        "text": " ",
        "userDefined": false
      },
      {
        "text": "motifs",
        "alias": "operation",
        "meta": "@matrix",
        "userDefined": false
      },
      {
        "text": " on ",
        "userDefined": false
      },
      {
        "text": "stomp10",
        "alias": "Dataset",
        "meta": "@Dataset",
        "userDefined": true
      }
    ],
    "isTemplate": false,
    "count": 0
  },
  {
    "id": "d98f6b48-f4be-4595-ac26-af752e25a09a",
    "data": [
      {
        "text": "Find best ",
        "userDefined": false
      },
      {
        "text": "30",
        "alias": "n",
        "meta": "@sys.number",
        "userDefined": false
      },
      {
        "text": " ",
        "userDefined": false
      },
      {
        "text": "discords",
        "alias": "operation",
        "meta": "@matrix",
        "userDefined": false
      },
      {
        "text": " on ",
        "userDefined": false
      },
      {
        "text": "stomp40",
        "alias": "Dataset",
        "meta": "@Dataset",
        "userDefined": true
      }
    ],
    "isTemplate": false,
    "count": 0
  },
  {
    "id": "9c000eaa-5f02-4161-b383-68d0d48a6a47",
    "data": [
      {
        "text": "Find the ",
        "userDefined": false
      },
      {
        "text": "5",
        "alias": "n",
        "meta": "@sys.number",
        "userDefined": true
      },
      {
        "text": " ",
        "userDefined": false
      },
      {
        "text": "best motifs",
        "alias": "operation",
        "meta": "@matrix",
        "userDefined": false
      },
      {
        "text": " for ",
        "userDefined": false
      },
      {
        "text": "stomp",
        "alias": "Dataset",
        "meta": "@Dataset",
        "userDefined": false
      }
    ],
    "isTemplate": false,
    "count": 0
  },
  {
    "id": "e44514b1-ceff-41e8-b325-d91c944e7116",
    "data": [
      {
        "text": "Do the best ",
        "userDefined": false
      },
      {
        "text": "10",
        "alias": "n",
        "meta": "@sys.number",
        "userDefined": true
      },
      {
        "text": " ",
        "userDefined": false
      },
      {
        "text": "motifs",
        "alias": "operation",
        "meta": "@matrix",
        "userDefined": false
      },
      {
        "text": " on ",
        "userDefined": false
      },
      {
        "text": "tt1",
        "alias": "Dataset",
        "meta": "@Dataset",
        "userDefined": true
      }
    ],
    "isTemplate": false,
    "count": 0
  },
  {
    "id": "6d26cc92-4c6c-4866-b37c-ea45e8dfb298",
    "data": [
      {
        "text": "find the ",
        "userDefined": false
      },
      {
        "text": "5",
        "alias": "n",
        "meta": "@sys.number",
        "userDefined": true
      },
      {
        "text": " ",
        "userDefined": false
      },
      {
        "text": "best motifs",
        "alias": "operation",
        "meta": "@matrix",
        "userDefined": false
      },
      {
        "text": " in ",
        "userDefined": false
      },
      {
        "text": "stomp4",
        "alias": "Dataset",
        "meta": "@Dataset",
        "userDefined": true
      }
    ],
    "isTemplate": false,
    "count": 0
  },
  {
    "id": "a584cf00-a1ae-467a-bb3d-2814f43483f9",
    "data": [
      {
        "text": "Do the ",
        "userDefined": false
      },
      {
        "text": "best discords",
        "alias": "operation",
        "meta": "@matrix",
        "userDefined": false
      },
      {
        "text": " on ",
        "userDefined": false
      },
      {
        "text": "tt1",
        "alias": "Dataset",
        "meta": "@Dataset",
        "userDefined": true
      },
      {
        "text": " for ",
        "userDefined": false
      },
      {
        "text": "10",
        "alias": "n",
        "meta": "@sys.number",
        "userDefined": false
      },
      {
        "text": " points",
        "userDefined": false
      }
    ],
    "isTemplate": false,
    "count": 0
  }
]