[
  {
    "id": "9d1ffd8a-1a3e-42f5-929e-fbb6087dc323",
    "data": [
      {
        "text": "Find best ",
        "userDefined": false
      },
      {
        "text": "2",
        "alias": "n",
        "meta": "@sys.number",
        "userDefined": true
      },
      {
        "text": " ",
        "userDefined": false
      },
      {
        "text": "discords",
        "alias": "operation",
        "meta": "@matrix",
        "userDefined": false
      },
      {
        "text": " from ",
        "userDefined": false
      },
      {
        "text": "stomp0",
        "alias": "Dataset",
        "meta": "@sys.any",
        "userDefined": true
      }
    ],
    "isTemplate": false,
    "count": 0,
    "updated": 0
  },
  {
    "id": "7f44f165-0b64-48ff-b0da-2a31a1880559",
    "data": [
      {
        "text": "Execute best ",
        "userDefined": false
      },
      {
        "text": "10",
        "alias": "n",
        "meta": "@sys.number",
        "userDefined": false
      },
      {
        "text": " ",
        "userDefined": false
      },
      {
        "text": "motifs",
        "alias": "operation",
        "meta": "@matrix",
        "userDefined": false
      },
      {
        "text": " on ",
        "userDefined": false
      },
      {
        "text": "stomp10",
        "alias": "Dataset",
        "meta": "@sys.any",
        "userDefined": true
      }
    ],
    "isTemplate": false,
    "count": 0
  },
  {
    "id": "d465a654-d1cb-4dad-b0a5-0a4d13df1bd8",
    "data": [
      {
        "text": "Find best ",
        "userDefined": false
      },
      {
        "text": "30",
        "alias": "n",
        "meta": "@sys.number",
        "userDefined": false
      },
      {
        "text": " ",
        "userDefined": false
      },
      {
        "text": "discords",
        "alias": "operation",
        "meta": "@matrix",
        "userDefined": false
      },
      {
        "text": " on ",
        "userDefined": false
      },
      {
        "text": "stomp40",
        "alias": "Dataset",
        "meta": "@sys.any",
        "userDefined": true
      }
    ],
    "isTemplate": false,
    "count": 0
  },
  {
    "id": "a6617313-1332-43ea-b8a1-5be660957d58",
    "data": [
      {
        "text": "Find the ",
        "userDefined": false
      },
      {
        "text": "5",
        "alias": "n",
        "meta": "@sys.number",
        "userDefined": true
      },
      {
        "text": " ",
        "userDefined": false
      },
      {
        "text": "best motifs",
        "alias": "operation",
        "meta": "@matrix",
        "userDefined": false
      },
      {
        "text": " for ",
        "userDefined": false
      },
      {
        "text": "stomp",
        "alias": "Dataset",
        "meta": "@sys.any",
        "userDefined": false
      }
    ],
    "isTemplate": false,
    "count": 0
  },
  {
    "id": "10b1852d-4a17-4eef-9bf1-e53d9a2fcf2c",
    "data": [
      {
        "text": "Do the best ",
        "userDefined": false
      },
      {
        "text": "10",
        "alias": "n",
        "meta": "@sys.number",
        "userDefined": true
      },
      {
        "text": " ",
        "userDefined": false
      },
      {
        "text": "motifs",
        "alias": "operation",
        "meta": "@matrix",
        "userDefined": false
      },
      {
        "text": " on ",
        "userDefined": false
      },
      {
        "text": "tt1",
        "alias": "Dataset",
        "meta": "@sys.any",
        "userDefined": true
      }
    ],
    "isTemplate": false,
    "count": 0
  },
  {
    "id": "2ee10b67-77a0-45de-87fc-cd0ff8a73ee9",
    "data": [
      {
        "text": "find the ",
        "userDefined": false
      },
      {
        "text": "5",
        "alias": "n",
        "meta": "@sys.number",
        "userDefined": true
      },
      {
        "text": " ",
        "userDefined": false
      },
      {
        "text": "best motifs",
        "alias": "operation",
        "meta": "@matrix",
        "userDefined": false
      },
      {
        "text": " in ",
        "userDefined": false
      },
      {
        "text": "stomp4",
        "alias": "Dataset",
        "meta": "@sys.any",
        "userDefined": true
      }
    ],
    "isTemplate": false,
    "count": 0
  },
  {
    "id": "6386d7f2-0c30-40cb-a03c-de38592c79f4",
    "data": [
      {
        "text": "Do the ",
        "userDefined": false
      },
      {
        "text": "best discords",
        "alias": "operation",
        "meta": "@matrix",
        "userDefined": false
      },
      {
        "text": " on ",
        "userDefined": false
      },
      {
        "text": "tt1",
        "alias": "Dataset",
        "meta": "@sys.any",
        "userDefined": true
      },
      {
        "text": " for ",
        "userDefined": false
      },
      {
        "text": "10",
        "alias": "n",
        "meta": "@sys.number",
        "userDefined": false
      },
      {
        "text": " points",
        "userDefined": false
      }
    ],
    "isTemplate": false,
    "count": 0
  }
]