[
  {
    "id": "974aeb32-77b6-4914-8a07-ac6b41cc8029",
    "data": [
      {
        "text": "execute ",
        "userDefined": false
      },
      {
        "text": "stomp",
        "alias": "operation",
        "meta": "@matrix",
        "userDefined": false
      },
      {
        "text": " on ",
        "userDefined": false
      },
      {
        "text": "random1",
        "alias": "Dataset",
        "meta": "@Dataset",
        "userDefined": false
      },
      {
        "text": " and ",
        "userDefined": false
      },
      {
        "text": "random2",
        "alias": "Dataset2",
        "meta": "@Dataset",
        "userDefined": false
      },
      {
        "text": " with subsequence length of ",
        "userDefined": false
      },
      {
        "text": "10",
        "alias": "m",
        "meta": "@sys.number",
        "userDefined": false
      }
    ],
    "isTemplate": false,
    "count": 0,
    "updated": 0
  },
  {
    "id": "1305bce4-3b14-4a5b-8ba7-8b3a2987a394",
    "data": [
      {
        "text": "execute ",
        "userDefined": false
      },
      {
        "text": "stomp",
        "alias": "operation",
        "meta": "@matrix",
        "userDefined": false
      },
      {
        "text": " for the ",
        "userDefined": false
      },
      {
        "text": "datasets",
        "meta": "@sys.ignore",
        "userDefined": true
      },
      {
        "text": " ",
        "userDefined": false
      },
      {
        "text": "random1",
        "alias": "Dataset",
        "meta": "@Dataset",
        "userDefined": true
      },
      {
        "text": " and ",
        "userDefined": false
      },
      {
        "text": "random2",
        "alias": "Dataset2",
        "meta": "@Dataset",
        "userDefined": true
      }
    ],
    "isTemplate": false,
    "count": 0
  },
  {
    "id": "98119a03-922f-4a38-b0cb-01b59d2078fb",
    "data": [
      {
        "text": "Execute ",
        "userDefined": false
      },
      {
        "text": "stomp self join",
        "alias": "operation",
        "meta": "@matrix",
        "userDefined": false
      },
      {
        "text": "  on ",
        "userDefined": false
      },
      {
        "text": "energy",
        "alias": "Dataset",
        "meta": "@Dataset",
        "userDefined": false
      },
      {
        "text": " with subsequence length of ",
        "userDefined": false
      },
      {
        "text": "3",
        "alias": "m",
        "meta": "@sys.number",
        "userDefined": false
      }
    ],
    "isTemplate": false,
    "count": 0,
    "updated": 0
  },
  {
    "id": "14fddc26-1c5b-49ba-b551-99cc1d10ba33",
    "data": [
      {
        "text": "execute ",
        "userDefined": false
      },
      {
        "text": "stomp",
        "alias": "operation",
        "meta": "@matrix",
        "userDefined": false
      },
      {
        "text": " with ",
        "userDefined": false
      },
      {
        "text": "random2",
        "alias": "Dataset",
        "meta": "@Dataset",
        "userDefined": true
      },
      {
        "text": " and ",
        "userDefined": false
      },
      {
        "text": "random3",
        "alias": "Dataset2",
        "meta": "@Dataset",
        "userDefined": true
      },
      {
        "text": " with subsequence length of ",
        "userDefined": false
      },
      {
        "text": "10",
        "alias": "m",
        "meta": "@sys.number",
        "userDefined": false
      }
    ],
    "isTemplate": false,
    "count": 0,
    "updated": 0
  },
  {
    "id": "b4d2a6f5-4822-4eda-986f-336e71b314de",
    "data": [
      {
        "text": "execute ",
        "userDefined": false
      },
      {
        "text": "stomp",
        "alias": "operation",
        "meta": "@matrix",
        "userDefined": false
      },
      {
        "text": " on ",
        "userDefined": false
      },
      {
        "text": "random2",
        "alias": "Dataset",
        "meta": "@Dataset",
        "userDefined": true
      },
      {
        "text": " and ",
        "userDefined": false
      },
      {
        "text": "random3",
        "alias": "Dataset2",
        "meta": "@Dataset",
        "userDefined": true
      },
      {
        "text": " with subsequence length ",
        "userDefined": false
      },
      {
        "text": "10",
        "alias": "m",
        "meta": "@sys.number",
        "userDefined": false
      }
    ],
    "isTemplate": false,
    "count": 0,
    "updated": 0
  }
]