[
  {
    "id": "e2198cbb-b0ee-40a6-b0a8-cae093726b62",
    "data": [
      {
        "text": "Find best ",
        "userDefined": false
      },
      {
        "text": "2",
        "alias": "n",
        "meta": "@sys.number",
        "userDefined": true
      },
      {
        "text": " ",
        "userDefined": false
      },
      {
        "text": "discords",
        "alias": "operation",
        "meta": "@matrix",
        "userDefined": false
      },
      {
        "text": " from ",
        "userDefined": false
      },
      {
        "text": "stomp0",
        "alias": "Dataset",
        "meta": "@Dataset",
        "userDefined": true
      }
    ],
    "isTemplate": false,
    "count": 0,
    "updated": 0
  },
  {
    "id": "91e72d89-2637-4212-ba3d-9b8cc4982ce3",
    "data": [
      {
        "text": "Execute best ",
        "userDefined": false
      },
      {
        "text": "10",
        "alias": "n",
        "meta": "@sys.number",
        "userDefined": false
      },
      {
        "text": " ",
        "userDefined": false
      },
      {
        "text": "motifs",
        "alias": "operation",
        "meta": "@matrix",
        "userDefined": false
      },
      {
        "text": " on ",
        "userDefined": false
      },
      {
        "text": "stomp10",
        "alias": "Dataset",
        "meta": "@Dataset",
        "userDefined": true
      }
    ],
    "isTemplate": false,
    "count": 0
  },
  {
    "id": "f2ef9d38-9eea-46b0-b2a5-b0e8ef741c63",
    "data": [
      {
        "text": "Find best ",
        "userDefined": false
      },
      {
        "text": "30",
        "alias": "n",
        "meta": "@sys.number",
        "userDefined": false
      },
      {
        "text": " ",
        "userDefined": false
      },
      {
        "text": "discords",
        "alias": "operation",
        "meta": "@matrix",
        "userDefined": false
      },
      {
        "text": " on ",
        "userDefined": false
      },
      {
        "text": "stomp40",
        "alias": "Dataset",
        "meta": "@Dataset",
        "userDefined": true
      }
    ],
    "isTemplate": false,
    "count": 0
  },
  {
    "id": "a1824807-c4c1-42cf-bec2-e833dcd17399",
    "data": [
      {
        "text": "Find the ",
        "userDefined": false
      },
      {
        "text": "5",
        "alias": "n",
        "meta": "@sys.number",
        "userDefined": true
      },
      {
        "text": " ",
        "userDefined": false
      },
      {
        "text": "best motifs",
        "alias": "operation",
        "meta": "@matrix",
        "userDefined": false
      },
      {
        "text": " for ",
        "userDefined": false
      },
      {
        "text": "stomp",
        "alias": "Dataset",
        "meta": "@Dataset",
        "userDefined": false
      }
    ],
    "isTemplate": false,
    "count": 0
  },
  {
    "id": "2eedaf7f-de8b-4c6a-84c2-96146bb27044",
    "data": [
      {
        "text": "Do the best ",
        "userDefined": false
      },
      {
        "text": "10",
        "alias": "n",
        "meta": "@sys.number",
        "userDefined": true
      },
      {
        "text": " ",
        "userDefined": false
      },
      {
        "text": "motifs",
        "alias": "operation",
        "meta": "@matrix",
        "userDefined": false
      },
      {
        "text": " on ",
        "userDefined": false
      },
      {
        "text": "tt1",
        "alias": "Dataset",
        "meta": "@Dataset",
        "userDefined": true
      }
    ],
    "isTemplate": false,
    "count": 0
  },
  {
    "id": "bc940b04-56c3-4cd1-85be-9dc0071cadb2",
    "data": [
      {
        "text": "find the ",
        "userDefined": false
      },
      {
        "text": "5",
        "alias": "n",
        "meta": "@sys.number",
        "userDefined": true
      },
      {
        "text": " ",
        "userDefined": false
      },
      {
        "text": "best motifs",
        "alias": "operation",
        "meta": "@matrix",
        "userDefined": false
      },
      {
        "text": " in ",
        "userDefined": false
      },
      {
        "text": "stomp4",
        "alias": "Dataset",
        "meta": "@Dataset",
        "userDefined": true
      }
    ],
    "isTemplate": false,
    "count": 0
  },
  {
    "id": "c66f505e-50e9-460f-b7cc-fa56c7e20419",
    "data": [
      {
        "text": "Do the ",
        "userDefined": false
      },
      {
        "text": "best discords",
        "alias": "operation",
        "meta": "@matrix",
        "userDefined": false
      },
      {
        "text": " on ",
        "userDefined": false
      },
      {
        "text": "tt1",
        "alias": "Dataset",
        "meta": "@Dataset",
        "userDefined": true
      },
      {
        "text": " for ",
        "userDefined": false
      },
      {
        "text": "10",
        "alias": "n",
        "meta": "@sys.number",
        "userDefined": false
      },
      {
        "text": " points",
        "userDefined": false
      }
    ],
    "isTemplate": false,
    "count": 0
  }
]