[
  {
    "id": "2568fe4e-9dd4-4ddd-8439-22134b40d85a",
    "data": [
      {
        "text": "execute ",
        "userDefined": false
      },
      {
        "text": "znorm",
        "alias": "operation",
        "meta": "@normalization",
        "userDefined": false
      },
      {
        "text": " on ",
        "userDefined": false
      },
      {
        "text": "energy",
        "alias": "Dataset",
        "meta": "@Dataset",
        "userDefined": true
      }
    ],
    "isTemplate": false,
    "count": 0
  },
  {
    "id": "75c495cb-cae6-4308-8390-043b4a5c709f",
    "data": [
      {
        "text": "execute the ",
        "userDefined": false
      },
      {
        "text": "mean normalization",
        "alias": "operation",
        "meta": "@normalization",
        "userDefined": false
      },
      {
        "text": " on ",
        "userDefined": false
      },
      {
        "text": "energy",
        "alias": "Dataset",
        "meta": "@Dataset",
        "userDefined": false
      }
    ],
    "isTemplate": false,
    "count": 0
  },
  {
    "id": "d5895920-34d0-40ed-bb4d-a2832f8b2f89",
    "data": [
      {
        "text": "execute the ",
        "userDefined": false
      },
      {
        "text": "maximal minimal norm",
        "alias": "operation",
        "meta": "@normalization",
        "userDefined": false
      },
      {
        "text": " on ",
        "userDefined": false
      },
      {
        "text": "energy",
        "alias": "Dataset",
        "meta": "@Dataset",
        "userDefined": false
      }
    ],
    "isTemplate": false,
    "count": 0
  },
  {
    "id": "335ce34e-b452-452a-b342-7e4006ef840b",
    "data": [
      {
        "text": "execute the ",
        "userDefined": false
      },
      {
        "text": "decimal scaling norm",
        "alias": "operation",
        "meta": "@normalization",
        "userDefined": false
      },
      {
        "text": " on ",
        "userDefined": false
      },
      {
        "text": "energy",
        "alias": "Dataset",
        "meta": "@Dataset",
        "userDefined": false
      }
    ],
    "isTemplate": false,
    "count": 0
  }
]