[
  {
    "id": "851cc8fb-6e30-4064-83d3-a79f2ff2ad8b",
    "data": [
      {
        "text": "Do the function ",
        "userDefined": false
      },
      {
        "text": "roots",
        "alias": "polynomial",
        "meta": "@polynomial",
        "userDefined": false
      }
    ],
    "isTemplate": false,
    "count": 0
  },
  {
    "id": "7d111dab-ca9b-462d-afbf-f02cb3eca70f",
    "data": [
      {
        "text": "Calculate the ",
        "userDefined": false
      },
      {
        "text": "roots",
        "alias": "polynomial",
        "meta": "@polynomial",
        "userDefined": false
      }
    ],
    "isTemplate": false,
    "count": 0
  },
  {
    "id": "edf47439-b649-45b5-a615-6efdb27cde43",
    "data": [
      {
        "text": "Calculate the ",
        "userDefined": false
      },
      {
        "text": "roots",
        "alias": "polynomial",
        "meta": "@polynomial",
        "userDefined": false
      },
      {
        "text": " of array",
        "userDefined": false
      }
    ],
    "isTemplate": false,
    "count": 0
  },
  {
    "id": "1f3a88c8-f427-47a2-89b3-63eb4a6ddd30",
    "data": [
      {
        "text": "Do the ",
        "userDefined": false
      },
      {
        "text": "polinomial fit",
        "alias": "polynomial",
        "meta": "@polynomial",
        "userDefined": true
      },
      {
        "text": " of ",
        "userDefined": false
      },
      {
        "text": "random",
        "alias": "Dataset",
        "meta": "@Dataset",
        "userDefined": false
      }
    ],
    "isTemplate": false,
    "count": 0
  },
  {
    "id": "9c93a556-39bf-47ee-a5d7-f76a532c2863",
    "data": [
      {
        "text": "Do ",
        "userDefined": false
      },
      {
        "text": "polyfit",
        "alias": "polynomial",
        "meta": "@polynomial",
        "userDefined": true
      }
    ],
    "isTemplate": false,
    "count": 0
  }
]