[
  {
    "id": "41ee4aec-0b80-4046-93e2-285a8e361e96",
    "data": [
      {
        "text": "Calculate the ",
        "userDefined": false
      },
      {
        "text": "roots",
        "alias": "polynomial",
        "meta": "@polynomial",
        "userDefined": false
      }
    ],
    "isTemplate": false,
    "count": 0
  },
  {
    "id": "31bbe295-bc49-40ff-a4fc-303426308376",
    "data": [
      {
        "text": "Do ",
        "userDefined": false
      },
      {
        "text": "polyfit",
        "alias": "polynomial",
        "meta": "@polynomial",
        "userDefined": true
      }
    ],
    "isTemplate": false,
    "count": 0
  },
  {
    "id": "31e712a5-c541-4461-95ee-6d8693d739cb",
    "data": [
      {
        "text": "Calculate the ",
        "userDefined": false
      },
      {
        "text": "roots",
        "alias": "polynomial",
        "meta": "@polynomial",
        "userDefined": false
      },
      {
        "text": " of ",
        "userDefined": false
      },
      {
        "text": "array",
        "alias": "Dataset",
        "meta": "@Dataset",
        "userDefined": true
      }
    ],
    "isTemplate": false,
    "count": 0
  },
  {
    "id": "c588d0c9-b124-481c-a09f-661c9bdf5100",
    "data": [
      {
        "text": "Do the function ",
        "userDefined": false
      },
      {
        "text": "roots",
        "alias": "polynomial",
        "meta": "@polynomial",
        "userDefined": false
      }
    ],
    "isTemplate": false,
    "count": 0
  },
  {
    "id": "6b883011-8be9-41d0-af65-b290b240c7f1",
    "data": [
      {
        "text": "Do the ",
        "userDefined": false
      },
      {
        "text": "polinomial fit",
        "alias": "polynomial",
        "meta": "@polynomial",
        "userDefined": true
      },
      {
        "text": " of ",
        "userDefined": false
      },
      {
        "text": "random",
        "alias": "Dataset",
        "meta": "@Dataset",
        "userDefined": false
      }
    ],
    "isTemplate": false,
    "count": 0
  }
]