[
  {
    "id": "683ec9a2-bddd-4799-9cbb-c7b54d76b704",
    "data": [
      {
        "text": "Calculate the ",
        "userDefined": false
      },
      {
        "text": "roots",
        "alias": "polynomial",
        "meta": "@polynomial",
        "userDefined": false
      }
    ],
    "isTemplate": false,
    "count": 0
  },
  {
    "id": "a086b110-de4f-4d6e-ae9f-83ba0f5c2910",
    "data": [
      {
        "text": "Do ",
        "userDefined": false
      },
      {
        "text": "polyfit",
        "alias": "polynomial",
        "meta": "@polynomial",
        "userDefined": true
      }
    ],
    "isTemplate": false,
    "count": 0
  },
  {
    "id": "00285a1b-52c6-4327-8b2f-15d6ce8ae0ea",
    "data": [
      {
        "text": "Calculate the ",
        "userDefined": false
      },
      {
        "text": "roots",
        "alias": "polynomial",
        "meta": "@polynomial",
        "userDefined": false
      },
      {
        "text": " of ",
        "userDefined": false
      },
      {
        "text": "array",
        "alias": "Dataset",
        "meta": "@Dataset",
        "userDefined": true
      }
    ],
    "isTemplate": false,
    "count": 0
  },
  {
    "id": "b7533c56-1fb3-494a-9e95-9a7c7cfd64d2",
    "data": [
      {
        "text": "Do the function ",
        "userDefined": false
      },
      {
        "text": "roots",
        "alias": "polynomial",
        "meta": "@polynomial",
        "userDefined": false
      }
    ],
    "isTemplate": false,
    "count": 0
  },
  {
    "id": "971d9f9c-8ec2-4c1e-be6c-846da59043ff",
    "data": [
      {
        "text": "Do the ",
        "userDefined": false
      },
      {
        "text": "polinomial fit",
        "alias": "polynomial",
        "meta": "@polynomial",
        "userDefined": true
      },
      {
        "text": " of ",
        "userDefined": false
      },
      {
        "text": "random",
        "alias": "Dataset",
        "meta": "@Dataset",
        "userDefined": false
      }
    ],
    "isTemplate": false,
    "count": 0
  }
]