[
  {
    "id": "9c380a02-aa73-470b-9402-0333087c5541",
    "data": [
      {
        "text": "Do the function ",
        "userDefined": false
      },
      {
        "text": "roots",
        "alias": "polynomial",
        "meta": "@polynomial",
        "userDefined": false
      }
    ],
    "isTemplate": false,
    "count": 0
  },
  {
    "id": "13d4a007-bd32-40f9-920a-30adb0fc7d8c",
    "data": [
      {
        "text": "Calculate the ",
        "userDefined": false
      },
      {
        "text": "roots",
        "alias": "polynomial",
        "meta": "@polynomial",
        "userDefined": false
      }
    ],
    "isTemplate": false,
    "count": 0
  },
  {
    "id": "b8459d19-6e22-4bee-870a-756a484846c3",
    "data": [
      {
        "text": "Calculate the ",
        "userDefined": false
      },
      {
        "text": "roots",
        "alias": "polynomial",
        "meta": "@polynomial",
        "userDefined": false
      },
      {
        "text": " of array",
        "userDefined": false
      }
    ],
    "isTemplate": false,
    "count": 0
  },
  {
    "id": "012779ae-5ac6-45f0-99ad-0d3daaecefdc",
    "data": [
      {
        "text": "Do the ",
        "userDefined": false
      },
      {
        "text": "polinomial fit",
        "alias": "polynomial",
        "meta": "@polynomial",
        "userDefined": true
      },
      {
        "text": " of ",
        "userDefined": false
      },
      {
        "text": "random",
        "alias": "Dataset",
        "meta": "@Dataset",
        "userDefined": false
      }
    ],
    "isTemplate": false,
    "count": 0
  },
  {
    "id": "478a827f-bc18-40ec-acc7-dcaa7469f090",
    "data": [
      {
        "text": "Do ",
        "userDefined": false
      },
      {
        "text": "polyfit",
        "alias": "polynomial",
        "meta": "@polynomial",
        "userDefined": true
      }
    ],
    "isTemplate": false,
    "count": 0
  }
]