[
  {
    "id": "72d59f68-6a51-48f4-b1ee-1e0a23426eae",
    "data": [
      {
        "text": "Execute ",
        "userDefined": false
      },
      {
        "text": "linear regression",
        "alias": "regression",
        "meta": "@regression",
        "userDefined": false
      },
      {
        "text": " on ",
        "userDefined": false
      },
      {
        "text": "energy",
        "alias": "Dataset",
        "meta": "@Dataset",
        "userDefined": false
      }
    ],
    "isTemplate": false,
    "count": 0
  },
  {
    "id": "7f6843c4-8fad-4a04-bfe3-7711544948ac",
    "data": [
      {
        "text": "Do the ",
        "userDefined": false
      },
      {
        "text": "linear regression",
        "alias": "regression",
        "meta": "@regression",
        "userDefined": true
      }
    ],
    "isTemplate": false,
    "count": 0
  },
  {
    "id": "1910264c-d8b7-4ba6-be4f-ec25c2376abf",
    "data": [
      {
        "text": "Do the ",
        "userDefined": false
      },
      {
        "text": "linear regression",
        "alias": "regression",
        "meta": "@regression",
        "userDefined": true
      },
      {
        "text": " for ",
        "userDefined": false
      },
      {
        "text": "random1",
        "alias": "Dataset",
        "meta": "@Dataset",
        "userDefined": true
      },
      {
        "text": " and ",
        "userDefined": false
      },
      {
        "text": "random2",
        "alias": "Dataset1",
        "meta": "@Dataset",
        "userDefined": true
      }
    ],
    "isTemplate": false,
    "count": 1
  }
]