[
  {
    "id": "f9ad98d4-302c-4125-8a20-1cd3ba4fbde3",
    "data": [
      {
        "text": "Execute ",
        "userDefined": false
      },
      {
        "text": "linear regression",
        "alias": "regression",
        "meta": "@regression",
        "userDefined": false
      },
      {
        "text": " on ",
        "userDefined": false
      },
      {
        "text": "energy",
        "alias": "Dataset",
        "meta": "@Dataset",
        "userDefined": false
      }
    ],
    "isTemplate": false,
    "count": 0
  },
  {
    "id": "faa41a43-9e14-4ba1-8aa4-a01eda05172e",
    "data": [
      {
        "text": "Do the ",
        "userDefined": false
      },
      {
        "text": "linear regression",
        "alias": "regression",
        "meta": "@regression",
        "userDefined": true
      }
    ],
    "isTemplate": false,
    "count": 0
  },
  {
    "id": "2eeb2f68-6b23-402d-b9f2-81b20114fcdb",
    "data": [
      {
        "text": "Do the ",
        "userDefined": false
      },
      {
        "text": "linear regression",
        "alias": "regression",
        "meta": "@regression",
        "userDefined": true
      },
      {
        "text": " for ",
        "userDefined": false
      },
      {
        "text": "random1",
        "alias": "Dataset",
        "meta": "@Dataset",
        "userDefined": true
      },
      {
        "text": " and ",
        "userDefined": false
      },
      {
        "text": "random2",
        "alias": "Dataset1",
        "meta": "@Dataset",
        "userDefined": true
      }
    ],
    "isTemplate": false,
    "count": 1
  }
]