[
  {
    "id": "afc529b0-5f6c-423f-b58f-a018793e2499",
    "data": [
      {
        "text": "Do the ",
        "userDefined": false
      },
      {
        "text": "linear regression",
        "alias": "regression",
        "meta": "@regression",
        "userDefined": true
      },
      {
        "text": " for ",
        "userDefined": false
      },
      {
        "text": "random1",
        "alias": "Dataset",
        "meta": "@Dataset",
        "userDefined": true
      },
      {
        "text": " and ",
        "userDefined": false
      },
      {
        "text": "random2",
        "alias": "Dataset",
        "meta": "@Dataset",
        "userDefined": true
      }
    ],
    "isTemplate": false,
    "count": 1
  },
  {
    "id": "7d3f069d-62ad-4ab1-9ce3-46b8d5c4d2ed",
    "data": [
      {
        "text": "Do the ",
        "userDefined": false
      },
      {
        "text": "linear regression",
        "alias": "regression",
        "meta": "@regression",
        "userDefined": true
      }
    ],
    "isTemplate": false,
    "count": 0
  }
]