[
  {
    "id": "237ad340-6925-41ae-bc49-2f804421683d",
    "data": [
      {
        "text": "Execute ",
        "userDefined": false
      },
      {
        "text": "linear regression",
        "alias": "regression",
        "meta": "@regression",
        "userDefined": false
      },
      {
        "text": " on ",
        "userDefined": false
      },
      {
        "text": "energy",
        "alias": "Dataset",
        "meta": "@Dataset",
        "userDefined": false
      }
    ],
    "isTemplate": false,
    "count": 0
  },
  {
    "id": "75699e7e-c9b2-4821-926b-1e5922fdef32",
    "data": [
      {
        "text": "Do the ",
        "userDefined": false
      },
      {
        "text": "linear regression",
        "alias": "regression",
        "meta": "@regression",
        "userDefined": true
      }
    ],
    "isTemplate": false,
    "count": 0
  },
  {
    "id": "1a88515f-b9c5-4572-983b-0beffdb13b2d",
    "data": [
      {
        "text": "Do the ",
        "userDefined": false
      },
      {
        "text": "linear regression",
        "alias": "regression",
        "meta": "@regression",
        "userDefined": true
      },
      {
        "text": " for ",
        "userDefined": false
      },
      {
        "text": "random1",
        "alias": "Dataset",
        "meta": "@Dataset",
        "userDefined": true
      },
      {
        "text": " and ",
        "userDefined": false
      },
      {
        "text": "random2",
        "alias": "Dataset1",
        "meta": "@Dataset",
        "userDefined": true
      }
    ],
    "isTemplate": false,
    "count": 1
  }
]