[
  {
    "id": "0f66e65b-90ca-4c41-a053-1d681dea0f5c",
    "data": [
      {
        "text": "close",
        "userDefined": false
      }
    ],
    "isTemplate": false,
    "count": 0,
    "updated": 0
  },
  {
    "id": "7e1f57a7-83b9-4689-84ca-8bc6b7e366a7",
    "data": [
      {
        "text": "Quit",
        "userDefined": false
      }
    ],
    "isTemplate": false,
    "count": 0
  },
  {
    "id": "4edf3560-3462-4ca8-9256-0fd60fe2131f",
    "data": [
      {
        "text": "exit",
        "userDefined": false
      }
    ],
    "isTemplate": false,
    "count": 2
  },
  {
    "id": "ab7c5074-6725-47b6-b651-1e7e1f358105",
    "data": [
      {
        "text": "See you later",
        "userDefined": false
      }
    ],
    "isTemplate": false,
    "count": 0
  },
  {
    "id": "95658db2-b1b1-4c47-86d1-5baa3398c896",
    "data": [
      {
        "text": "See ya",
        "userDefined": false
      }
    ],
    "isTemplate": false,
    "count": 0
  },
  {
    "id": "ad3962e4-2796-4a24-845c-b6213278e401",
    "data": [
      {
        "text": "Bye",
        "userDefined": false
      }
    ],
    "isTemplate": false,
    "count": 0
  },
  {
    "id": "5796e798-3664-436f-8887-595c0d083177",
    "data": [
      {
        "text": "Goodbye",
        "userDefined": false
      }
    ],
    "isTemplate": false,
    "count": 0
  }
]