[
  {
    "id": "60e5c48d-713c-4f97-a780-f984149c6c7f",
    "data": [
      {
        "text": "buena idea",
        "userDefined": false
      }
    ],
    "isTemplate": false,
    "count": 0,
    "updated": 1497432757
  },
  {
    "id": "6c4e1bef-bff7-4c51-ac42-1e84f0ddd21c",
    "data": [
      {
        "text": "confirmar",
        "userDefined": false
      }
    ],
    "isTemplate": false,
    "count": 0,
    "updated": 1497432757
  },
  {
    "id": "c43c1804-bb47-4c3d-9cd1-999977687e96",
    "data": [
      {
        "text": "eso mismo",
        "userDefined": false
      }
    ],
    "isTemplate": false,
    "count": 0,
    "updated": 1497432757
  },
  {
    "id": "04b6c5d3-62ff-44cf-912f-ea2f6a944586",
    "data": [
      {
        "text": "correcto",
        "userDefined": false
      }
    ],
    "isTemplate": false,
    "count": 0,
    "updated": 1497432757
  },
  {
    "id": "0a4aaa87-7723-41d5-b1c1-077cbc340afc",
    "data": [
      {
        "text": "sí",
        "userDefined": false
      }
    ],
    "isTemplate": false,
    "count": 0,
    "updated": 1497432757
  },
  {
    "id": "2fcc195a-6f06-40dd-8f6c-98cf2f8a4cae",
    "data": [
      {
        "text": "de acuerdo",
        "userDefined": false
      }
    ],
    "isTemplate": false,
    "count": 0,
    "updated": 1497432757
  },
  {
    "id": "6d3acdfc-be48-480c-a754-7191e5ed189f",
    "data": [
      {
        "text": "adelante",
        "userDefined": false
      }
    ],
    "isTemplate": false,
    "count": 0,
    "updated": 1497432757
  },
  {
    "id": "76292716-93ec-49be-ad89-170a0c36eda9",
    "data": [
      {
        "text": "por supuesto",
        "userDefined": false
      }
    ],
    "isTemplate": false,
    "count": 0,
    "updated": 1497432757
  },
  {
    "id": "9491b85e-71bb-4930-8a64-ddd9958b3fc5",
    "data": [
      {
        "text": "claro que sí",
        "userDefined": false
      }
    ],
    "isTemplate": false,
    "count": 0,
    "updated": 1497432757
  }
]