[
  {
    "id": "1659bc76-dc7d-4a66-967e-3ab996b6fea1",
    "data": [
      {
        "text": "close",
        "userDefined": false
      }
    ],
    "isTemplate": false,
    "count": 0,
    "updated": 0
  },
  {
    "id": "a3984eaa-5918-4bea-a70e-14bf9af81084",
    "data": [
      {
        "text": "exit",
        "userDefined": false
      }
    ],
    "isTemplate": false,
    "count": 2
  },
  {
    "id": "b78ae589-6f66-42e2-a7d2-5da4eab1996e",
    "data": [
      {
        "text": "See you later",
        "userDefined": false
      }
    ],
    "isTemplate": false,
    "count": 0
  },
  {
    "id": "3f98bc41-9226-4165-84b9-b5525d92186b",
    "data": [
      {
        "text": "Quit",
        "userDefined": false
      }
    ],
    "isTemplate": false,
    "count": 0
  },
  {
    "id": "01c68113-6073-4a7d-a76b-8052dc6fb020",
    "data": [
      {
        "text": "Bye",
        "userDefined": false
      }
    ],
    "isTemplate": false,
    "count": 0
  },
  {
    "id": "2d6f4d96-1146-4926-a147-a0cd6594f5f0",
    "data": [
      {
        "text": "See ya",
        "userDefined": false
      }
    ],
    "isTemplate": false,
    "count": 0
  },
  {
    "id": "201478d8-0065-456d-8e09-9d0711c53c87",
    "data": [
      {
        "text": "Goodbye",
        "userDefined": false
      }
    ],
    "isTemplate": false,
    "count": 0
  }
]