[
  {
    "id": "96a8744c-78f0-400f-950c-a1d29b7466c4",
    "data": [
      {
        "text": "close",
        "userDefined": false
      }
    ],
    "isTemplate": false,
    "count": 0,
    "updated": 0
  },
  {
    "id": "82cd6caa-8762-4395-be40-0a04db847a50",
    "data": [
      {
        "text": "exit",
        "userDefined": false
      }
    ],
    "isTemplate": false,
    "count": 2
  },
  {
    "id": "75d83603-f47e-4c7f-9fd3-126d2443fcd9",
    "data": [
      {
        "text": "See you later",
        "userDefined": false
      }
    ],
    "isTemplate": false,
    "count": 0
  },
  {
    "id": "95bbea92-b699-4c66-9235-fb0329b90a58",
    "data": [
      {
        "text": "Quit",
        "userDefined": false
      }
    ],
    "isTemplate": false,
    "count": 0
  },
  {
    "id": "07cad2c5-214b-4de0-9541-8edae970a8e2",
    "data": [
      {
        "text": "Bye",
        "userDefined": false
      }
    ],
    "isTemplate": false,
    "count": 0
  },
  {
    "id": "e8a9ef15-294b-4f4a-9f23-ec215452114a",
    "data": [
      {
        "text": "See ya",
        "userDefined": false
      }
    ],
    "isTemplate": false,
    "count": 0
  },
  {
    "id": "3137da4a-c04d-4d8d-a77f-9d2873ed8724",
    "data": [
      {
        "text": "Goodbye",
        "userDefined": false
      }
    ],
    "isTemplate": false,
    "count": 0
  }
]