[
  {
    "id": "b37e73d0-4e22-4f17-9fa2-15e694cff4a0",
    "data": [
      {
        "text": "close",
        "userDefined": false
      }
    ],
    "isTemplate": false,
    "count": 0,
    "updated": 0
  },
  {
    "id": "ff2efb3e-eef9-4617-883e-18b2725aef7f",
    "data": [
      {
        "text": "exit",
        "userDefined": false
      }
    ],
    "isTemplate": false,
    "count": 2
  },
  {
    "id": "c9dc99ba-55f0-44f0-b687-7764b4080a78",
    "data": [
      {
        "text": "See you later",
        "userDefined": false
      }
    ],
    "isTemplate": false,
    "count": 0
  },
  {
    "id": "1d7fb1a9-6a39-4711-9c30-c0898ec1659d",
    "data": [
      {
        "text": "Quit",
        "userDefined": false
      }
    ],
    "isTemplate": false,
    "count": 0
  },
  {
    "id": "7aea131d-8bfb-4f9f-9300-ae50cdf6bb54",
    "data": [
      {
        "text": "Bye",
        "userDefined": false
      }
    ],
    "isTemplate": false,
    "count": 0
  },
  {
    "id": "347cc9e8-428e-463b-8ab7-819be1e997df",
    "data": [
      {
        "text": "See ya",
        "userDefined": false
      }
    ],
    "isTemplate": false,
    "count": 0
  },
  {
    "id": "f8b218d2-befe-4983-a609-cfad4a4a9c01",
    "data": [
      {
        "text": "Goodbye",
        "userDefined": false
      }
    ],
    "isTemplate": false,
    "count": 0
  }
]