[
  {
    "id": "246243fb-1791-4cba-abe6-5e1d07606e78",
    "data": [
      {
        "text": "give me the current ",
        "userDefined": false
      },
      {
        "text": "backend",
        "alias": "library",
        "meta": "@library",
        "userDefined": false
      }
    ],
    "isTemplate": false,
    "count": 0
  },
  {
    "id": "b96dc3e4-69f9-42a3-bf67-0d36ad6565b2",
    "data": [
      {
        "text": "get the current ",
        "userDefined": false
      },
      {
        "text": "backend",
        "alias": "library",
        "meta": "@library",
        "userDefined": false
      }
    ],
    "isTemplate": false,
    "count": 0
  },
  {
    "id": "a9a79051-b0f3-42cf-b4fa-87e888ef2375",
    "data": [
      {
        "text": "show the current ",
        "userDefined": false
      },
      {
        "text": "backend",
        "alias": "library",
        "meta": "@library",
        "userDefined": false
      }
    ],
    "isTemplate": false,
    "count": 0,
    "updated": 0
  },
  {
    "id": "b18a3ef6-9acd-4b07-8c53-3f594481e966",
    "data": [
      {
        "text": "get ",
        "userDefined": false
      },
      {
        "text": "backends",
        "alias": "library",
        "meta": "@library",
        "userDefined": false
      }
    ],
    "isTemplate": false,
    "count": 0
  },
  {
    "id": "d3862bcd-764b-44c5-aaff-3826d00b3f41",
    "data": [
      {
        "text": "get all ",
        "userDefined": false
      },
      {
        "text": "backends",
        "alias": "library",
        "meta": "@library",
        "userDefined": false
      }
    ],
    "isTemplate": false,
    "count": 0
  },
  {
    "id": "44a28f5b-3bf8-406f-bcc8-46ede8a9394a",
    "data": [
      {
        "text": "get ",
        "userDefined": false
      },
      {
        "text": "backend",
        "alias": "library",
        "meta": "@library",
        "userDefined": false
      }
    ],
    "isTemplate": false,
    "count": 0
  }
]