[
  {
    "id": "3e3ad0b0-21a4-4098-9afc-05d7f018547f",
    "data": [
      {
        "text": "Join by columns ",
        "userDefined": false
      },
      {
        "text": "the datasets",
        "meta": "@sys.ignore",
        "userDefined": false
      },
      {
        "text": " ",
        "userDefined": false
      },
      {
        "text": "energy",
        "alias": "Dataset",
        "meta": "@Dataset",
        "userDefined": false
      },
      {
        "text": " and ",
        "userDefined": false
      },
      {
        "text": "ecg",
        "alias": "Dataset2",
        "meta": "@Dataset",
        "userDefined": true
      }
    ],
    "isTemplate": false,
    "count": 0
  },
  {
    "id": "a8752a8f-8f4a-43aa-894b-83d699b5f546",
    "data": [
      {
        "text": "Join ",
        "userDefined": false
      },
      {
        "text": "energy",
        "alias": "Dataset",
        "meta": "@Dataset",
        "userDefined": false
      },
      {
        "text": " and ",
        "userDefined": false
      },
      {
        "text": "ecg",
        "alias": "Dataset2",
        "meta": "@Dataset",
        "userDefined": false
      },
      {
        "text": " by columns",
        "userDefined": false
      }
    ],
    "isTemplate": false,
    "count": 0
  }
]