[
  {
    "id": "57c88221-f20c-4ed5-8154-27f3f6b661d4",
    "data": [
      {
        "text": "join by rows ",
        "userDefined": false
      },
      {
        "text": "the datasets",
        "meta": "@sys.ignore",
        "userDefined": false
      },
      {
        "text": " ",
        "userDefined": false
      },
      {
        "text": "random0",
        "alias": "Dataset",
        "meta": "@sys.any",
        "userDefined": true
      },
      {
        "text": " and ",
        "userDefined": false
      },
      {
        "text": "random1",
        "alias": "Dataset2",
        "meta": "@sys.any",
        "userDefined": true
      }
    ],
    "isTemplate": false,
    "count": 0,
    "updated": 0
  },
  {
    "id": "95ffd9d5-1f62-4363-924e-40f68b06cb36",
    "data": [
      {
        "text": "join by rows ",
        "userDefined": false
      },
      {
        "text": "the datasets",
        "meta": "@sys.ignore",
        "userDefined": false
      },
      {
        "text": " ",
        "userDefined": false
      },
      {
        "text": "energy",
        "alias": "Dataset",
        "meta": "@sys.any",
        "userDefined": false
      },
      {
        "text": " and ",
        "userDefined": false
      },
      {
        "text": "ecg",
        "alias": "Dataset2",
        "meta": "@sys.any",
        "userDefined": false
      }
    ],
    "isTemplate": false,
    "count": 0
  },
  {
    "id": "8ac567a0-bcef-4ab3-9d79-cde9e4249b6e",
    "data": [
      {
        "text": "join ",
        "userDefined": false
      },
      {
        "text": "energy",
        "alias": "Dataset",
        "meta": "@sys.any",
        "userDefined": false
      },
      {
        "text": " and ",
        "userDefined": false
      },
      {
        "text": "ecg",
        "alias": "Dataset2",
        "meta": "@sys.any",
        "userDefined": false
      },
      {
        "text": " by rows",
        "userDefined": false
      }
    ],
    "isTemplate": false,
    "count": 0
  }
]