[
  {
    "id": "9b6f39ab-e881-46ec-aea6-ad30f2e2ed80",
    "data": [
      {
        "text": "load ",
        "userDefined": false
      },
      {
        "text": "faidnfpa",
        "alias": "Dataset",
        "meta": "@Dataset",
        "userDefined": false
      }
    ],
    "isTemplate": false,
    "count": 0,
    "updated": 0
  },
  {
    "id": "73d18169-27bb-411b-bd29-f7592deebee1",
    "data": [
      {
        "text": "open the dataset ",
        "userDefined": false
      },
      {
        "text": "energy",
        "alias": "Dataset",
        "meta": "@Dataset",
        "userDefined": false
      }
    ],
    "isTemplate": false,
    "count": 0
  },
  {
    "id": "feac7ce6-65fc-4b4c-8ed0-8e761c8b02be",
    "data": [
      {
        "text": "load the dataset ",
        "userDefined": false
      },
      {
        "text": "Fincas",
        "alias": "Dataset",
        "meta": "@Dataset",
        "userDefined": true
      }
    ],
    "isTemplate": false,
    "count": 0
  },
  {
    "id": "95bede2f-8d3d-4f26-b8d1-97ffe37cb2af",
    "data": [
      {
        "text": "open the dataset ",
        "userDefined": false
      },
      {
        "text": "titanic",
        "alias": "Dataset",
        "meta": "@Dataset",
        "userDefined": true
      }
    ],
    "isTemplate": false,
    "count": 1,
    "updated": 0
  },
  {
    "id": "82c71d54-2b1d-4c18-a907-2fbbf958c0c1",
    "data": [
      {
        "text": "Load ",
        "userDefined": false
      },
      {
        "text": "energia",
        "alias": "Dataset",
        "meta": "@Dataset",
        "userDefined": false
      }
    ],
    "isTemplate": false,
    "count": 0
  },
  {
    "id": "5c5d1a59-866a-45ec-810d-b58971109f55",
    "data": [
      {
        "text": "open ",
        "userDefined": false
      },
      {
        "text": "Terrenod",
        "alias": "Dataset",
        "meta": "@Dataset",
        "userDefined": false
      }
    ],
    "isTemplate": false,
    "count": 1,
    "updated": 0
  },
  {
    "id": "2914da1f-d423-48f7-b2aa-f426895fb8ee",
    "data": [
      {
        "text": "load dataset ",
        "userDefined": false
      },
      {
        "text": "energy",
        "alias": "Dataset",
        "meta": "@Dataset",
        "userDefined": true
      }
    ],
    "isTemplate": false,
    "count": 0
  },
  {
    "id": "2137f19f-1b87-431c-84bb-9d2f3d93bcd1",
    "data": [
      {
        "text": "Load the dataset ",
        "userDefined": false
      },
      {
        "text": "Energy",
        "alias": "Dataset",
        "meta": "@Dataset",
        "userDefined": false
      }
    ],
    "isTemplate": false,
    "count": 0
  },
  {
    "id": "242cb101-451f-4d7d-98dc-598f2f471c29",
    "data": [
      {
        "text": "load ",
        "userDefined": false
      },
      {
        "text": "titanic",
        "alias": "Dataset",
        "meta": "@Dataset",
        "userDefined": true
      }
    ],
    "isTemplate": false,
    "count": 1,
    "updated": 0
  },
  {
    "id": "65130aa8-2659-4466-8656-1f1cb6fb32a5",
    "data": [
      {
        "text": "Load the dataset ",
        "userDefined": false
      },
      {
        "text": "Titanic",
        "alias": "Dataset",
        "meta": "@Dataset",
        "userDefined": true
      }
    ],
    "isTemplate": false,
    "count": 1,
    "updated": 0
  },
  {
    "id": "04866905-17ba-4889-add7-dd7a0221ec9d",
    "data": [
      {
        "text": "Open dataset ",
        "userDefined": false
      },
      {
        "text": "Lucas",
        "alias": "Dataset",
        "meta": "@Dataset",
        "userDefined": false
      }
    ],
    "isTemplate": false,
    "count": 0,
    "updated": 0
  },
  {
    "id": "9658961e-316e-4eb2-b395-2a0d36e41975",
    "data": [
      {
        "text": "Load dataset ",
        "userDefined": false
      },
      {
        "text": "Titanic",
        "alias": "Dataset",
        "meta": "@Dataset",
        "userDefined": true
      }
    ],
    "isTemplate": false,
    "count": 0
  },
  {
    "id": "398af565-b31d-4aac-98e1-7db193ecb785",
    "data": [
      {
        "text": "open the dataset ",
        "userDefined": false
      },
      {
        "text": "dsfnklmas",
        "alias": "Dataset",
        "meta": "@Dataset",
        "userDefined": false
      }
    ],
    "isTemplate": false,
    "count": 0,
    "updated": 0
  },
  {
    "id": "dcabee3b-e2ca-4ada-89df-19b76e1aa81b",
    "data": [
      {
        "text": "open the dataset ",
        "userDefined": false
      },
      {
        "text": "ahbdhsbafbas",
        "alias": "Dataset",
        "meta": "@Dataset",
        "userDefined": false
      }
    ],
    "isTemplate": false,
    "count": 0,
    "updated": 0
  },
  {
    "id": "5b8c9dd4-3412-4d56-ace0-fe4c45447655",
    "data": [
      {
        "text": "Open ",
        "userDefined": false
      },
      {
        "text": "musica",
        "alias": "Dataset",
        "meta": "@Dataset",
        "userDefined": true
      }
    ],
    "isTemplate": false,
    "count": 0
  },
  {
    "id": "86b7b316-c727-4501-868f-f3259b38d97e",
    "data": [
      {
        "text": "Open dataset ",
        "userDefined": false
      },
      {
        "text": "Enegia",
        "alias": "Dataset",
        "meta": "@Dataset",
        "userDefined": true
      }
    ],
    "isTemplate": false,
    "count": 0
  }
]