[
  {
    "id": "29eafef0-e6dc-43d9-8307-7dc1e0911fb6",
    "data": [
      {
        "text": "load ",
        "userDefined": false
      },
      {
        "text": "faidnfpa",
        "alias": "Dataset",
        "meta": "@Dataset",
        "userDefined": false
      }
    ],
    "isTemplate": false,
    "count": 0,
    "updated": 0
  },
  {
    "id": "6d85b1de-df2e-4ff1-91d1-7bcca4ad60f8",
    "data": [
      {
        "text": "open the dataset ",
        "userDefined": false
      },
      {
        "text": "energy",
        "alias": "Dataset",
        "meta": "@Dataset",
        "userDefined": false
      }
    ],
    "isTemplate": false,
    "count": 0
  },
  {
    "id": "ca5f5737-edb3-4cc7-8cd4-871fce279d92",
    "data": [
      {
        "text": "load the dataset ",
        "userDefined": false
      },
      {
        "text": "Fincas",
        "alias": "Dataset",
        "meta": "@Dataset",
        "userDefined": true
      }
    ],
    "isTemplate": false,
    "count": 0
  },
  {
    "id": "e8ad0dcb-b662-46f4-ad5f-27beffb4dafd",
    "data": [
      {
        "text": "open the dataset ",
        "userDefined": false
      },
      {
        "text": "titanic",
        "alias": "Dataset",
        "meta": "@Dataset",
        "userDefined": true
      }
    ],
    "isTemplate": false,
    "count": 1,
    "updated": 0
  },
  {
    "id": "334dfc73-94c6-43d0-96a4-f8ce43dcaf6d",
    "data": [
      {
        "text": "Load ",
        "userDefined": false
      },
      {
        "text": "energia",
        "alias": "Dataset",
        "meta": "@Dataset",
        "userDefined": false
      }
    ],
    "isTemplate": false,
    "count": 0
  },
  {
    "id": "3adfd443-cd2b-4617-a553-643eb282b148",
    "data": [
      {
        "text": "open ",
        "userDefined": false
      },
      {
        "text": "Terrenod",
        "alias": "Dataset",
        "meta": "@Dataset",
        "userDefined": false
      }
    ],
    "isTemplate": false,
    "count": 1,
    "updated": 0
  },
  {
    "id": "93f0ad73-548e-4eb0-8c59-e38f4e64ce92",
    "data": [
      {
        "text": "load dataset ",
        "userDefined": false
      },
      {
        "text": "energy",
        "alias": "Dataset",
        "meta": "@Dataset",
        "userDefined": true
      }
    ],
    "isTemplate": false,
    "count": 0
  },
  {
    "id": "b7eba1b3-86bf-4ff9-8b94-45bf4fc8eb48",
    "data": [
      {
        "text": "Load the dataset ",
        "userDefined": false
      },
      {
        "text": "Energy",
        "alias": "Dataset",
        "meta": "@Dataset",
        "userDefined": false
      }
    ],
    "isTemplate": false,
    "count": 0
  },
  {
    "id": "d61d3cad-3850-4634-93dd-809b4043f5f5",
    "data": [
      {
        "text": "load ",
        "userDefined": false
      },
      {
        "text": "titanic",
        "alias": "Dataset",
        "meta": "@Dataset",
        "userDefined": true
      }
    ],
    "isTemplate": false,
    "count": 1,
    "updated": 0
  },
  {
    "id": "0da5268d-f062-49b7-92bd-dc7f16faffac",
    "data": [
      {
        "text": "Load the dataset ",
        "userDefined": false
      },
      {
        "text": "Titanic",
        "alias": "Dataset",
        "meta": "@Dataset",
        "userDefined": true
      }
    ],
    "isTemplate": false,
    "count": 1,
    "updated": 0
  },
  {
    "id": "9d22cbed-602d-4643-af7f-3113be8f12a0",
    "data": [
      {
        "text": "Open dataset ",
        "userDefined": false
      },
      {
        "text": "Lucas",
        "alias": "Dataset",
        "meta": "@Dataset",
        "userDefined": false
      }
    ],
    "isTemplate": false,
    "count": 0,
    "updated": 0
  },
  {
    "id": "af0da563-7317-4f50-8eef-e5d85421be4b",
    "data": [
      {
        "text": "Load dataset ",
        "userDefined": false
      },
      {
        "text": "Titanic",
        "alias": "Dataset",
        "meta": "@Dataset",
        "userDefined": true
      }
    ],
    "isTemplate": false,
    "count": 0
  },
  {
    "id": "e3e6b884-6622-41d3-b911-f90f4b15d9d5",
    "data": [
      {
        "text": "open the dataset ",
        "userDefined": false
      },
      {
        "text": "dsfnklmas",
        "alias": "Dataset",
        "meta": "@Dataset",
        "userDefined": false
      }
    ],
    "isTemplate": false,
    "count": 0,
    "updated": 0
  },
  {
    "id": "fc8520bc-ba19-44ea-bd6a-00168fdf74f1",
    "data": [
      {
        "text": "open the dataset ",
        "userDefined": false
      },
      {
        "text": "ahbdhsbafbas",
        "alias": "Dataset",
        "meta": "@Dataset",
        "userDefined": false
      }
    ],
    "isTemplate": false,
    "count": 0,
    "updated": 0
  },
  {
    "id": "2dc02699-32fb-4246-9c89-1148942c0477",
    "data": [
      {
        "text": "Open ",
        "userDefined": false
      },
      {
        "text": "musica",
        "alias": "Dataset",
        "meta": "@Dataset",
        "userDefined": true
      }
    ],
    "isTemplate": false,
    "count": 0
  },
  {
    "id": "a7df1403-58ae-43fc-b5ac-99c1c9a6f866",
    "data": [
      {
        "text": "Open dataset ",
        "userDefined": false
      },
      {
        "text": "Enegia",
        "alias": "Dataset",
        "meta": "@Dataset",
        "userDefined": true
      }
    ],
    "isTemplate": false,
    "count": 0
  }
]