[
  {
    "id": "4d0cbd32-9b4c-41b0-94e3-b3491cd23356",
    "data": [
      {
        "text": "load ",
        "userDefined": false
      },
      {
        "text": "titanic",
        "alias": "Dataset",
        "meta": "@Dataset",
        "userDefined": true
      }
    ],
    "isTemplate": false,
    "count": 1,
    "updated": 0
  },
  {
    "id": "d7796ca2-0b8b-4120-8d77-08babb4c3594",
    "data": [
      {
        "text": "Load the dataset ",
        "userDefined": false
      },
      {
        "text": "Titanic",
        "alias": "Dataset",
        "meta": "@Dataset",
        "userDefined": true
      }
    ],
    "isTemplate": false,
    "count": 1,
    "updated": 0
  },
  {
    "id": "479de3a6-240c-4fc7-bba5-4de3b2df7619",
    "data": [
      {
        "text": "load ",
        "userDefined": false
      },
      {
        "text": "faidnfpa",
        "alias": "Dataset",
        "meta": "@Dataset",
        "userDefined": false
      }
    ],
    "isTemplate": false,
    "count": 0,
    "updated": 0
  },
  {
    "id": "8fe4856b-c59d-41c5-89b0-9bf78676c70c",
    "data": [
      {
        "text": "open the dataset ",
        "userDefined": false
      },
      {
        "text": "dsfnklmas",
        "alias": "Dataset",
        "meta": "@Dataset",
        "userDefined": false
      }
    ],
    "isTemplate": false,
    "count": 0,
    "updated": 0
  },
  {
    "id": "21918778-ac33-4ba9-bcac-ac706d1e7152",
    "data": [
      {
        "text": "open the dataset ",
        "userDefined": false
      },
      {
        "text": "ahbdhsbafbas",
        "alias": "Dataset",
        "meta": "@Dataset",
        "userDefined": false
      }
    ],
    "isTemplate": false,
    "count": 0,
    "updated": 0
  },
  {
    "id": "c4023497-f81f-4d8f-8435-7617e397905f",
    "data": [
      {
        "text": "open ",
        "userDefined": false
      },
      {
        "text": "Terrenod",
        "alias": "Dataset",
        "meta": "@Dataset",
        "userDefined": false
      }
    ],
    "isTemplate": false,
    "count": 1,
    "updated": 0
  },
  {
    "id": "73c79de6-958f-45a6-b9c6-e0b0b5fa37e2",
    "data": [
      {
        "text": "open the dataset ",
        "userDefined": false
      },
      {
        "text": "titanic",
        "alias": "Dataset",
        "meta": "@Dataset",
        "userDefined": true
      }
    ],
    "isTemplate": false,
    "count": 1,
    "updated": 0
  },
  {
    "id": "658243f8-9bee-4d46-a24c-6b9898fe074c",
    "data": [
      {
        "text": "load the dataset ",
        "userDefined": false
      },
      {
        "text": "Fincas",
        "alias": "Dataset",
        "meta": "@Dataset",
        "userDefined": true
      }
    ],
    "isTemplate": false,
    "count": 0
  },
  {
    "id": "2aa5acf1-fb95-4e01-bcb8-3528c4584ca5",
    "data": [
      {
        "text": "Open dataset ",
        "userDefined": false
      },
      {
        "text": "Lucas",
        "alias": "Dataset",
        "meta": "@Dataset",
        "userDefined": false
      }
    ],
    "isTemplate": false,
    "count": 0,
    "updated": 0
  },
  {
    "id": "15a68472-71c3-4344-9034-8d9030facbb4",
    "data": [
      {
        "text": "load dataset ",
        "userDefined": false
      },
      {
        "text": "energy",
        "alias": "Dataset",
        "meta": "@Dataset",
        "userDefined": true
      }
    ],
    "isTemplate": false,
    "count": 0
  },
  {
    "id": "28cd5dbd-202f-451e-9ca6-f2bf37374b46",
    "data": [
      {
        "text": "open the dataset ",
        "userDefined": false
      },
      {
        "text": "energy",
        "alias": "Dataset",
        "meta": "@Dataset",
        "userDefined": false
      }
    ],
    "isTemplate": false,
    "count": 0
  },
  {
    "id": "81fef34e-cb80-43ab-aa0b-782bac570af2",
    "data": [
      {
        "text": "Open dataset ",
        "userDefined": false
      },
      {
        "text": "Enegia",
        "alias": "Dataset",
        "meta": "@Dataset",
        "userDefined": true
      }
    ],
    "isTemplate": false,
    "count": 0
  },
  {
    "id": "d2c4367f-02e4-4950-a1b5-0b78cf1226a6",
    "data": [
      {
        "text": "Open ",
        "userDefined": false
      },
      {
        "text": "musica",
        "alias": "Dataset",
        "meta": "@Dataset",
        "userDefined": true
      }
    ],
    "isTemplate": false,
    "count": 0
  },
  {
    "id": "d9ce32a0-0977-4685-b4b8-d99afb71472c",
    "data": [
      {
        "text": "Load ",
        "userDefined": false
      },
      {
        "text": "energia",
        "alias": "Dataset",
        "meta": "@Dataset",
        "userDefined": false
      }
    ],
    "isTemplate": false,
    "count": 0
  },
  {
    "id": "8edae7b3-018c-40ca-9cbd-93cb2b0235d2",
    "data": [
      {
        "text": "Load dataset ",
        "userDefined": false
      },
      {
        "text": "Titanic",
        "alias": "Dataset",
        "meta": "@Dataset",
        "userDefined": true
      }
    ],
    "isTemplate": false,
    "count": 0
  },
  {
    "id": "d7e09b4a-f865-4086-afae-2955b2169eec",
    "data": [
      {
        "text": "Load the dataset ",
        "userDefined": false
      },
      {
        "text": "Energy",
        "alias": "Dataset",
        "meta": "@Dataset",
        "userDefined": false
      }
    ],
    "isTemplate": false,
    "count": 0
  }
]