[
  {
    "id": "4c8e9d18-a9ca-4e52-ad17-c6c52a4c33d7",
    "data": [
      {
        "text": "load ",
        "userDefined": false
      },
      {
        "text": "faidnfpa",
        "alias": "Dataset",
        "meta": "@Dataset",
        "userDefined": false
      }
    ],
    "isTemplate": false,
    "count": 0,
    "updated": 0
  },
  {
    "id": "54194bba-fdcf-4726-a03c-478742de5d03",
    "data": [
      {
        "text": "open the dataset ",
        "userDefined": false
      },
      {
        "text": "energy",
        "alias": "Dataset",
        "meta": "@Dataset",
        "userDefined": false
      }
    ],
    "isTemplate": false,
    "count": 0
  },
  {
    "id": "e88fe572-85fc-46e7-ab30-5798ee99d67d",
    "data": [
      {
        "text": "load the dataset ",
        "userDefined": false
      },
      {
        "text": "Fincas",
        "alias": "Dataset",
        "meta": "@Dataset",
        "userDefined": true
      }
    ],
    "isTemplate": false,
    "count": 0
  },
  {
    "id": "adde4084-2c1d-464a-b3e0-f15cd10b7c79",
    "data": [
      {
        "text": "open the dataset ",
        "userDefined": false
      },
      {
        "text": "titanic",
        "alias": "Dataset",
        "meta": "@Dataset",
        "userDefined": true
      }
    ],
    "isTemplate": false,
    "count": 1,
    "updated": 0
  },
  {
    "id": "1942508f-92d6-4cba-adb9-a2631148aaba",
    "data": [
      {
        "text": "Load ",
        "userDefined": false
      },
      {
        "text": "energia",
        "alias": "Dataset",
        "meta": "@Dataset",
        "userDefined": false
      }
    ],
    "isTemplate": false,
    "count": 0
  },
  {
    "id": "aa3e739f-4474-46e7-b6f6-29884a3915c8",
    "data": [
      {
        "text": "open ",
        "userDefined": false
      },
      {
        "text": "Terrenod",
        "alias": "Dataset",
        "meta": "@Dataset",
        "userDefined": false
      }
    ],
    "isTemplate": false,
    "count": 1,
    "updated": 0
  },
  {
    "id": "29f5d8be-babc-4313-88b7-be57a0299789",
    "data": [
      {
        "text": "load dataset ",
        "userDefined": false
      },
      {
        "text": "energy",
        "alias": "Dataset",
        "meta": "@Dataset",
        "userDefined": true
      }
    ],
    "isTemplate": false,
    "count": 0
  },
  {
    "id": "1cf6ef2b-5f97-483c-8e39-962f644c79e8",
    "data": [
      {
        "text": "Load the dataset ",
        "userDefined": false
      },
      {
        "text": "Energy",
        "alias": "Dataset",
        "meta": "@Dataset",
        "userDefined": false
      }
    ],
    "isTemplate": false,
    "count": 0
  },
  {
    "id": "3385f70c-734c-4fe2-970c-a561d5710faa",
    "data": [
      {
        "text": "load ",
        "userDefined": false
      },
      {
        "text": "titanic",
        "alias": "Dataset",
        "meta": "@Dataset",
        "userDefined": true
      }
    ],
    "isTemplate": false,
    "count": 1,
    "updated": 0
  },
  {
    "id": "ec39dbdc-6740-40b0-8595-de0cd4c4f7e2",
    "data": [
      {
        "text": "Load the dataset ",
        "userDefined": false
      },
      {
        "text": "Titanic",
        "alias": "Dataset",
        "meta": "@Dataset",
        "userDefined": true
      }
    ],
    "isTemplate": false,
    "count": 1,
    "updated": 0
  },
  {
    "id": "0e82945d-64d7-499f-99a9-9accafbd786d",
    "data": [
      {
        "text": "Open dataset ",
        "userDefined": false
      },
      {
        "text": "Lucas",
        "alias": "Dataset",
        "meta": "@Dataset",
        "userDefined": false
      }
    ],
    "isTemplate": false,
    "count": 0,
    "updated": 0
  },
  {
    "id": "8254df41-88e3-430d-a4f8-eb3d9472fb61",
    "data": [
      {
        "text": "Load dataset ",
        "userDefined": false
      },
      {
        "text": "Titanic",
        "alias": "Dataset",
        "meta": "@Dataset",
        "userDefined": true
      }
    ],
    "isTemplate": false,
    "count": 0
  },
  {
    "id": "9311d1c2-b2ef-4583-9ced-578b7f6ea269",
    "data": [
      {
        "text": "open the dataset ",
        "userDefined": false
      },
      {
        "text": "dsfnklmas",
        "alias": "Dataset",
        "meta": "@Dataset",
        "userDefined": false
      }
    ],
    "isTemplate": false,
    "count": 0,
    "updated": 0
  },
  {
    "id": "c52b30b3-b7b3-4ffa-85a7-e89dfb71cb8e",
    "data": [
      {
        "text": "open the dataset ",
        "userDefined": false
      },
      {
        "text": "ahbdhsbafbas",
        "alias": "Dataset",
        "meta": "@Dataset",
        "userDefined": false
      }
    ],
    "isTemplate": false,
    "count": 0,
    "updated": 0
  },
  {
    "id": "659197a1-c7eb-4c36-9ad2-6ece57ca6822",
    "data": [
      {
        "text": "Open ",
        "userDefined": false
      },
      {
        "text": "musica",
        "alias": "Dataset",
        "meta": "@Dataset",
        "userDefined": true
      }
    ],
    "isTemplate": false,
    "count": 0
  },
  {
    "id": "a52ed52e-796f-498b-a6ec-7769e1cb7428",
    "data": [
      {
        "text": "Open dataset ",
        "userDefined": false
      },
      {
        "text": "Enegia",
        "alias": "Dataset",
        "meta": "@Dataset",
        "userDefined": true
      }
    ],
    "isTemplate": false,
    "count": 0
  }
]