[
  {
    "id": "2a5fa06e-42f4-4337-839d-333373edf735",
    "data": [
      {
        "text": "print ",
        "userDefined": false
      },
      {
        "text": "Energy",
        "alias": "Dataset",
        "meta": "@Dataset",
        "userDefined": false
      }
    ],
    "isTemplate": false,
    "count": 0
  },
  {
    "id": "b4e822a1-775b-4cd3-90dd-cd7f112f8b66",
    "data": [
      {
        "text": "print it",
        "userDefined": false
      }
    ],
    "isTemplate": false,
    "count": 0
  },
  {
    "id": "ff49525e-18dc-444e-bc8f-71fabcc5caac",
    "data": [
      {
        "text": "print on console",
        "userDefined": false
      }
    ],
    "isTemplate": false,
    "count": 0
  },
  {
    "id": "b8f3f87c-0350-47ad-b29f-f9f1ba7d90c4",
    "data": [
      {
        "text": "print ",
        "userDefined": false
      },
      {
        "text": "the dataset",
        "meta": "@sys.ignore",
        "userDefined": false
      },
      {
        "text": " ",
        "userDefined": false
      },
      {
        "text": "Titanic",
        "alias": "Dataset",
        "meta": "@Dataset",
        "userDefined": true
      }
    ],
    "isTemplate": false,
    "count": 0
  },
  {
    "id": "bf4a8596-ef56-43d7-a98c-606f202ec2c5",
    "data": [
      {
        "text": "print on console ",
        "userDefined": false
      },
      {
        "text": "the dataset",
        "meta": "@sys.ignore",
        "userDefined": false
      },
      {
        "text": " ",
        "userDefined": false
      },
      {
        "text": "energy",
        "alias": "Dataset",
        "meta": "@Dataset",
        "userDefined": false
      }
    ],
    "isTemplate": false,
    "count": 0
  },
  {
    "id": "a448c236-8d16-4fea-aeb3-fb34efdc9a71",
    "data": [
      {
        "text": "print the ",
        "userDefined": false
      },
      {
        "text": "current dataset",
        "alias": "Dataset",
        "meta": "@Dataset",
        "userDefined": false
      }
    ],
    "isTemplate": false,
    "count": 0
  },
  {
    "id": "47039f89-f7a0-4f6f-8e69-277bc0a1f0ba",
    "data": [
      {
        "text": "Print the result",
        "userDefined": false
      }
    ],
    "isTemplate": false,
    "count": 0
  }
]