[
  {
    "id": "9674d056-533d-45c2-b146-3e3867c27064",
    "data": [
      {
        "text": "print ",
        "userDefined": false
      },
      {
        "text": "the dataset",
        "meta": "@sys.ignore",
        "userDefined": false
      },
      {
        "text": " ",
        "userDefined": false
      },
      {
        "text": "Titanic",
        "alias": "Dataset",
        "meta": "@Dataset",
        "userDefined": true
      }
    ],
    "isTemplate": false,
    "count": 0
  },
  {
    "id": "adfd6798-f9ec-476e-b56b-ada394a017ea",
    "data": [
      {
        "text": "print the ",
        "userDefined": false
      },
      {
        "text": "current dataset",
        "alias": "Dataset",
        "meta": "@Dataset",
        "userDefined": false
      }
    ],
    "isTemplate": false,
    "count": 0
  },
  {
    "id": "b4231e52-a976-420e-a2d2-21ec4f8a3118",
    "data": [
      {
        "text": "print ",
        "userDefined": false
      },
      {
        "text": "Energy",
        "alias": "Dataset",
        "meta": "@Dataset",
        "userDefined": false
      }
    ],
    "isTemplate": false,
    "count": 0
  },
  {
    "id": "f3293583-bc74-47ef-9cfc-bfda2bccce1c",
    "data": [
      {
        "text": "print on console",
        "userDefined": false
      }
    ],
    "isTemplate": false,
    "count": 0
  },
  {
    "id": "f03bcca0-2f9e-4bca-b657-f7c1190b611d",
    "data": [
      {
        "text": "print it",
        "userDefined": false
      }
    ],
    "isTemplate": false,
    "count": 0
  },
  {
    "id": "4331b4ea-53f9-4997-8c77-01c25133e671",
    "data": [
      {
        "text": "print on console ",
        "userDefined": false
      },
      {
        "text": "the dataset",
        "meta": "@sys.ignore",
        "userDefined": false
      },
      {
        "text": " ",
        "userDefined": false
      },
      {
        "text": "energy",
        "alias": "Dataset",
        "meta": "@Dataset",
        "userDefined": false
      }
    ],
    "isTemplate": false,
    "count": 0
  },
  {
    "id": "0120887b-714a-4991-b2c3-1f0102bc5648",
    "data": [
      {
        "text": "Print the result",
        "userDefined": false
      }
    ],
    "isTemplate": false,
    "count": 0
  }
]