[
  {
    "id": "ad66cdc9-b426-4d64-b300-ffd933d7a854",
    "data": [
      {
        "text": "print ",
        "userDefined": false
      },
      {
        "text": "the dataset",
        "meta": "@sys.ignore",
        "userDefined": false
      },
      {
        "text": " ",
        "userDefined": false
      },
      {
        "text": "Titanic",
        "alias": "Dataset",
        "meta": "@Dataset",
        "userDefined": true
      }
    ],
    "isTemplate": false,
    "count": 0
  },
  {
    "id": "c0bd8a40-2c87-46ee-b5fe-07591e99df6c",
    "data": [
      {
        "text": "print the ",
        "userDefined": false
      },
      {
        "text": "current dataset",
        "alias": "Dataset",
        "meta": "@Dataset",
        "userDefined": false
      }
    ],
    "isTemplate": false,
    "count": 0
  },
  {
    "id": "953c2bb6-d340-467e-b0c2-49987fa8a633",
    "data": [
      {
        "text": "print ",
        "userDefined": false
      },
      {
        "text": "Energy",
        "alias": "Dataset",
        "meta": "@Dataset",
        "userDefined": false
      }
    ],
    "isTemplate": false,
    "count": 0
  },
  {
    "id": "dc416f4a-42b6-4ac2-a363-59be126c2800",
    "data": [
      {
        "text": "print on console",
        "userDefined": false
      }
    ],
    "isTemplate": false,
    "count": 0
  },
  {
    "id": "dbb76095-4ee6-4645-8cb0-92e761061811",
    "data": [
      {
        "text": "print it",
        "userDefined": false
      }
    ],
    "isTemplate": false,
    "count": 0
  },
  {
    "id": "85006a87-d028-4381-adb0-0606cf2e6c43",
    "data": [
      {
        "text": "print on console ",
        "userDefined": false
      },
      {
        "text": "the dataset",
        "meta": "@sys.ignore",
        "userDefined": false
      },
      {
        "text": " ",
        "userDefined": false
      },
      {
        "text": "energy",
        "alias": "Dataset",
        "meta": "@Dataset",
        "userDefined": false
      }
    ],
    "isTemplate": false,
    "count": 0
  },
  {
    "id": "a7bf566c-e5c8-4a5a-b8c8-34ae2b93009c",
    "data": [
      {
        "text": "Print the result",
        "userDefined": false
      }
    ],
    "isTemplate": false,
    "count": 0
  }
]