[
  {
    "id": "2a5fa06e-42f4-4337-839d-333373edf735",
    "data": [
      {
        "text": "print ",
        "userDefined": false
      },
      {
        "text": "Energy",
        "alias": "Dataset",
        "meta": "@sys.any",
        "userDefined": false
      }
    ],
    "isTemplate": false,
    "count": 0
  },
  {
    "id": "b8f3f87c-0350-47ad-b29f-f9f1ba7d90c4",
    "data": [
      {
        "text": "print ",
        "userDefined": false
      },
      {
        "text": "the dataset",
        "meta": "@sys.ignore",
        "userDefined": false
      },
      {
        "text": " ",
        "userDefined": false
      },
      {
        "text": "Titanic",
        "alias": "Dataset",
        "meta": "@sys.any",
        "userDefined": true
      }
    ],
    "isTemplate": false,
    "count": 0
  },
  {
    "id": "bf4a8596-ef56-43d7-a98c-606f202ec2c5",
    "data": [
      {
        "text": "print on console ",
        "userDefined": false
      },
      {
        "text": "the dataset",
        "meta": "@sys.ignore",
        "userDefined": false
      },
      {
        "text": " ",
        "userDefined": false
      },
      {
        "text": "energy",
        "alias": "Dataset",
        "meta": "@sys.any",
        "userDefined": false
      }
    ],
    "isTemplate": false,
    "count": 0
  }
]