[
  {
    "id": "9bc1ba65-be9a-4efd-ba84-56a383e06d44",
    "data": [
      {
        "text": "print ",
        "userDefined": false
      },
      {
        "text": "Energy",
        "alias": "Dataset",
        "meta": "@Dataset",
        "userDefined": false
      }
    ],
    "isTemplate": false,
    "count": 0
  },
  {
    "id": "29448dd8-5928-41c8-8b46-4bfee6f9e851",
    "data": [
      {
        "text": "print it",
        "userDefined": false
      }
    ],
    "isTemplate": false,
    "count": 0
  },
  {
    "id": "70c72e0a-d073-467c-97f8-43a7f5acec86",
    "data": [
      {
        "text": "print on console",
        "userDefined": false
      }
    ],
    "isTemplate": false,
    "count": 0
  },
  {
    "id": "ccf95e34-8171-4873-9893-1903c252d576",
    "data": [
      {
        "text": "print ",
        "userDefined": false
      },
      {
        "text": "the dataset",
        "meta": "@sys.ignore",
        "userDefined": false
      },
      {
        "text": " ",
        "userDefined": false
      },
      {
        "text": "Titanic",
        "alias": "Dataset",
        "meta": "@Dataset",
        "userDefined": true
      }
    ],
    "isTemplate": false,
    "count": 0
  },
  {
    "id": "ec54066e-c274-434d-bb53-71f003d43094",
    "data": [
      {
        "text": "print on console ",
        "userDefined": false
      },
      {
        "text": "the dataset",
        "meta": "@sys.ignore",
        "userDefined": false
      },
      {
        "text": " ",
        "userDefined": false
      },
      {
        "text": "energy",
        "alias": "Dataset",
        "meta": "@Dataset",
        "userDefined": false
      }
    ],
    "isTemplate": false,
    "count": 0
  },
  {
    "id": "9edb4fff-2f45-4753-9a1d-ee4404da42af",
    "data": [
      {
        "text": "print the ",
        "userDefined": false
      },
      {
        "text": "current dataset",
        "alias": "Dataset",
        "meta": "@Dataset",
        "userDefined": false
      }
    ],
    "isTemplate": false,
    "count": 0
  },
  {
    "id": "a3b36fcd-816c-4ac9-9b7a-87cf4966868e",
    "data": [
      {
        "text": "Print the result",
        "userDefined": false
      }
    ],
    "isTemplate": false,
    "count": 0
  }
]