[
  {
    "id": "934b7f21-98b3-4f18-b920-865906f0986d",
    "data": [
      {
        "text": "create ",
        "userDefined": false
      },
      {
        "text": "random",
        "alias": "Dataset",
        "meta": "@Dataset",
        "userDefined": false
      },
      {
        "text": " of ",
        "userDefined": false
      },
      {
        "text": "5",
        "alias": "number",
        "meta": "@sys.number",
        "userDefined": false
      },
      {
        "text": " values between ",
        "userDefined": false
      },
      {
        "text": "5",
        "alias": "values",
        "meta": "@sys.number",
        "userDefined": false
      },
      {
        "text": " and ",
        "userDefined": false
      },
      {
        "text": "30",
        "alias": "values",
        "meta": "@sys.number",
        "userDefined": false
      }
    ],
    "isTemplate": false,
    "count": 0
  },
  {
    "id": "92f0b082-81f9-4d64-a770-ed37a85e9129",
    "data": [
      {
        "text": "create ",
        "userDefined": false
      },
      {
        "text": "random",
        "meta": "@sys.ignore",
        "userDefined": false
      },
      {
        "text": " ",
        "userDefined": false
      },
      {
        "text": "chi-squared",
        "alias": "distribution",
        "meta": "@distribution",
        "userDefined": false
      },
      {
        "text": " for ",
        "userDefined": false
      },
      {
        "text": "1000",
        "alias": "number",
        "meta": "@sys.number",
        "userDefined": false
      },
      {
        "text": " values",
        "userDefined": false
      }
    ],
    "isTemplate": false,
    "count": 0
  },
  {
    "id": "d784dd03-07f6-49cf-a6c0-69eae44833b8",
    "data": [
      {
        "text": "random",
        "meta": "@sys.ignore",
        "userDefined": false
      },
      {
        "text": " ",
        "userDefined": false
      },
      {
        "text": "dataset",
        "meta": "@sys.ignore",
        "userDefined": false
      },
      {
        "text": " with ",
        "userDefined": false
      },
      {
        "text": "gaussian",
        "alias": "distribution",
        "meta": "@distribution",
        "userDefined": true
      },
      {
        "text": " values",
        "userDefined": false
      }
    ],
    "isTemplate": false,
    "count": 0
  },
  {
    "id": "1fc2be42-2684-47de-a713-045116072149",
    "data": [
      {
        "text": "create a ",
        "userDefined": false
      },
      {
        "text": "random",
        "meta": "@sys.ignore",
        "userDefined": false
      },
      {
        "text": " ",
        "userDefined": false
      },
      {
        "text": "dataset",
        "meta": "@sys.ignore",
        "userDefined": false
      },
      {
        "text": " for ",
        "userDefined": false
      },
      {
        "text": "20",
        "alias": "number",
        "meta": "@sys.number",
        "userDefined": false
      },
      {
        "text": " values",
        "userDefined": false
      }
    ],
    "isTemplate": false,
    "count": 0
  },
  {
    "id": "491b4a63-a337-49e4-8b01-373d304c2973",
    "data": [
      {
        "text": "create a ",
        "userDefined": false
      },
      {
        "text": "random",
        "meta": "@sys.ignore",
        "userDefined": false
      },
      {
        "text": " ",
        "userDefined": false
      },
      {
        "text": "dataset",
        "meta": "@sys.ignore",
        "userDefined": false
      },
      {
        "text": " of ",
        "userDefined": false
      },
      {
        "text": "100",
        "alias": "number",
        "meta": "@sys.number",
        "userDefined": false
      },
      {
        "text": " values",
        "userDefined": false
      }
    ],
    "isTemplate": false,
    "count": 0
  },
  {
    "id": "c26bd554-f024-4d2b-81e8-5e07e54d75fe",
    "data": [
      {
        "text": "Create dataset",
        "userDefined": false
      }
    ],
    "isTemplate": false,
    "count": 0
  },
  {
    "id": "b2058682-aec5-430b-bcee-12095d3ba7bf",
    "data": [
      {
        "text": "Create a dataset",
        "userDefined": false
      }
    ],
    "isTemplate": false,
    "count": 0
  }
]