[
  {
    "id": "27a85fd8-ccd9-40d2-9ad7-4d60e44702dd",
    "data": [
      {
        "text": "set ",
        "userDefined": false
      },
      {
        "text": "CUDA",
        "alias": "backend",
        "meta": "@sys.any",
        "userDefined": true
      },
      {
        "text": " ",
        "userDefined": false
      },
      {
        "text": "backend",
        "alias": "library",
        "meta": "@library",
        "userDefined": false
      }
    ],
    "isTemplate": false,
    "count": 0
  },
  {
    "id": "354901a9-ca49-4255-a99f-ee7ca44be26e",
    "data": [
      {
        "text": "set ",
        "userDefined": false
      },
      {
        "text": "OpenCL",
        "alias": "backend",
        "meta": "@sys.any",
        "userDefined": true
      },
      {
        "text": " ",
        "userDefined": false
      },
      {
        "text": "backend",
        "alias": "library",
        "meta": "@library",
        "userDefined": false
      }
    ],
    "isTemplate": false,
    "count": 0
  },
  {
    "id": "67bb4aa8-599c-45ff-924b-f9e720fd9887",
    "data": [
      {
        "text": "set ",
        "userDefined": false
      },
      {
        "text": "CPU",
        "alias": "backend",
        "meta": "@sys.any",
        "userDefined": true
      },
      {
        "text": " ",
        "userDefined": false
      },
      {
        "text": "backend",
        "alias": "library",
        "meta": "@library",
        "userDefined": false
      }
    ],
    "isTemplate": false,
    "count": 0
  }
]