[
  {
    "id": "04e3cb47-3e26-43ec-9036-cb8a06d9caa2",
    "data": [
      {
        "text": "show workspace",
        "userDefined": false
      }
    ],
    "isTemplate": false,
    "count": 0
  },
  {
    "id": "a31f710f-4440-4160-a349-7d35cc0c5260",
    "data": [
      {
        "text": "print the workspace",
        "userDefined": false
      }
    ],
    "isTemplate": false,
    "count": 0
  },
  {
    "id": "6a00840f-647f-4bfb-a131-5480c7a2b58e",
    "data": [
      {
        "text": "show the actual workspace",
        "userDefined": false
      }
    ],
    "isTemplate": false,
    "count": 0
  }
]