[
  {
    "id": "41ed331f-97dd-4fde-8774-b139015fcf0b",
    "data": [
      {
        "text": "show workspace",
        "userDefined": false
      }
    ],
    "isTemplate": false,
    "count": 0
  },
  {
    "id": "05eaae97-6193-41ce-8a2a-08d6e3b34f83",
    "data": [
      {
        "text": "print the workspace",
        "userDefined": false
      }
    ],
    "isTemplate": false,
    "count": 0
  },
  {
    "id": "daec382e-06f5-4fd6-a730-45efbe94b3c7",
    "data": [
      {
        "text": "show the actual workspace",
        "userDefined": false
      }
    ],
    "isTemplate": false,
    "count": 0
  }
]