[
  {
    "id": "0caa3309-2a2a-40c6-9f08-4d6c57e2ccfc",
    "data": [
      {
        "text": "show ",
        "userDefined": false
      },
      {
        "text": "ecg",
        "alias": "Dataset",
        "meta": "@sys.any",
        "userDefined": true
      },
      {
        "text": " until ",
        "userDefined": false
      },
      {
        "text": "9000",
        "alias": "to",
        "meta": "@sys.number",
        "userDefined": false
      }
    ],
    "isTemplate": false,
    "count": 0,
    "updated": 0
  },
  {
    "id": "0d48b161-2012-4d2f-8292-2ee6edbfc66c",
    "data": [
      {
        "text": "show ",
        "userDefined": false
      },
      {
        "text": "ecg",
        "alias": "Dataset",
        "meta": "@sys.any",
        "userDefined": true
      },
      {
        "text": " from ",
        "userDefined": false
      },
      {
        "text": "90000",
        "alias": "from",
        "meta": "@sys.number",
        "userDefined": false
      }
    ],
    "isTemplate": false,
    "count": 0,
    "updated": 0
  },
  {
    "id": "a5591be2-526a-47d8-af14-d385aee08fbc",
    "data": [
      {
        "text": "plot ",
        "userDefined": false
      },
      {
        "text": "subrow0_ecg",
        "alias": "Dataset",
        "meta": "@sys.any",
        "userDefined": false
      }
    ],
    "isTemplate": false,
    "count": 0,
    "updated": 0
  },
  {
    "id": "79f8f385-6185-42c9-88ce-ff0a61a932c0",
    "data": [
      {
        "text": "plot ",
        "userDefined": false
      },
      {
        "text": "discords0",
        "alias": "Dataset",
        "meta": "@sys.any",
        "userDefined": false
      },
      {
        "text": " at columns ",
        "userDefined": false
      },
      {
        "text": "col1",
        "alias": "columns",
        "meta": "@sys.any",
        "userDefined": true
      },
      {
        "text": ", ",
        "userDefined": false
      },
      {
        "text": "col2",
        "alias": "columns",
        "meta": "@sys.any",
        "userDefined": true
      },
      {
        "text": " and ",
        "userDefined": false
      },
      {
        "text": "col5",
        "alias": "columns",
        "meta": "@sys.any",
        "userDefined": true
      }
    ],
    "isTemplate": false,
    "count": 0,
    "updated": 0
  },
  {
    "id": "8fd58195-6aa4-4cf5-b3e9-2ab319d17f6f",
    "data": [
      {
        "text": "show the graph of ",
        "userDefined": false
      },
      {
        "text": "Titanic",
        "alias": "Dataset",
        "meta": "@sys.any",
        "userDefined": true
      }
    ],
    "isTemplate": false,
    "count": 0
  },
  {
    "id": "10bc7fc5-23d5-4e56-b594-23a98a914ce1",
    "data": [
      {
        "text": "show the graph of ",
        "userDefined": false
      },
      {
        "text": "random2",
        "alias": "Dataset",
        "meta": "@sys.any",
        "userDefined": false
      }
    ],
    "isTemplate": false,
    "count": 0,
    "updated": 0
  },
  {
    "id": "f577aba8-50ef-4124-af0f-f229ab040593",
    "data": [
      {
        "text": "print graphically the dataset ",
        "userDefined": false
      },
      {
        "text": "random1",
        "alias": "Dataset",
        "meta": "@sys.any",
        "userDefined": true
      }
    ],
    "isTemplate": false,
    "count": 2,
    "updated": 0
  },
  {
    "id": "bbfcd58f-bc3f-44f2-9b52-f27c4b9d614a",
    "data": [
      {
        "text": "Show the results from ",
        "userDefined": false
      },
      {
        "text": "10",
        "alias": "from",
        "meta": "@sys.number",
        "userDefined": false
      }
    ],
    "isTemplate": false,
    "count": 0
  },
  {
    "id": "4851033a-b78d-43c4-82c4-44d40d899918",
    "data": [
      {
        "text": "show the result for ",
        "userDefined": false
      },
      {
        "text": "random1",
        "alias": "Dataset",
        "meta": "@sys.any",
        "userDefined": false
      }
    ],
    "isTemplate": false,
    "count": 0,
    "updated": 0
  },
  {
    "id": "99f7e02d-659b-44f5-b6de-45db2981de66",
    "data": [
      {
        "text": "print graphically the ",
        "userDefined": false
      },
      {
        "text": "current dataset",
        "alias": "Dataset",
        "meta": "@sys.any",
        "userDefined": true
      }
    ],
    "isTemplate": false,
    "count": 0
  },
  {
    "id": "464c30ac-aed8-4aec-aed5-b59a88b73d82",
    "data": [
      {
        "text": "plot ",
        "userDefined": false
      },
      {
        "text": "titanic",
        "alias": "Dataset",
        "meta": "@sys.any",
        "userDefined": false
      },
      {
        "text": " for ",
        "userDefined": false
      },
      {
        "text": "Age",
        "alias": "columns",
        "meta": "@sys.any",
        "userDefined": true
      },
      {
        "text": " ",
        "userDefined": false
      },
      {
        "text": "Fare",
        "alias": "columns",
        "meta": "@sys.any",
        "userDefined": true
      }
    ],
    "isTemplate": false,
    "count": 1,
    "updated": 0
  },
  {
    "id": "e6236dbb-efa0-413c-8113-eb0b6c77ebf9",
    "data": [
      {
        "text": " ",
        "userDefined": false
      },
      {
        "text": "titanic",
        "alias": "Dataset",
        "meta": "@sys.any",
        "userDefined": true
      },
      {
        "text": " for ",
        "userDefined": false
      },
      {
        "text": "Age",
        "alias": "columns",
        "meta": "@sys.any",
        "userDefined": true
      },
      {
        "text": " ",
        "userDefined": false
      },
      {
        "text": "Fare",
        "alias": "columns",
        "meta": "@sys.any",
        "userDefined": true
      },
      {
        "text": " plot",
        "userDefined": false
      }
    ],
    "isTemplate": false,
    "count": 0,
    "updated": 0
  },
  {
    "id": "e13decf5-7ee7-4bf7-adac-de021077456a",
    "data": [
      {
        "text": "plot ",
        "userDefined": false
      },
      {
        "text": "titanic",
        "alias": "Dataset",
        "meta": "@sys.any",
        "userDefined": false
      },
      {
        "text": " for ",
        "userDefined": false
      },
      {
        "text": "Age",
        "alias": "columns",
        "meta": "@sys.any",
        "userDefined": true
      },
      {
        "text": " and ",
        "userDefined": false
      },
      {
        "text": "Fare",
        "alias": "columns",
        "meta": "@sys.any",
        "userDefined": true
      }
    ],
    "isTemplate": false,
    "count": 0,
    "updated": 0
  },
  {
    "id": "b00617f8-8a68-4fb3-97e6-69093e31cf81",
    "data": [
      {
        "text": "show the result for ",
        "userDefined": false
      },
      {
        "text": "titanic",
        "alias": "Dataset",
        "meta": "@sys.any",
        "userDefined": false
      }
    ],
    "isTemplate": false,
    "count": 0,
    "updated": 0
  },
  {
    "id": "8c7bbf4f-703b-4b25-a915-d7384acf32b7",
    "data": [
      {
        "text": "plot ",
        "userDefined": false
      },
      {
        "text": "titanic",
        "alias": "Dataset",
        "meta": "@sys.any",
        "userDefined": true
      },
      {
        "text": " for ",
        "userDefined": false
      },
      {
        "text": "Fare",
        "alias": "columns",
        "meta": "@sys.any",
        "userDefined": false
      }
    ],
    "isTemplate": false,
    "count": 0,
    "updated": 0
  },
  {
    "id": "94bcd595-0772-4e10-be37-c8f786cf9c1a",
    "data": [
      {
        "text": "print graphically ",
        "userDefined": false
      },
      {
        "text": "energy",
        "alias": "Dataset",
        "meta": "@sys.any",
        "userDefined": false
      }
    ],
    "isTemplate": false,
    "count": 0
  },
  {
    "id": "7fd28613-ae1f-4874-8535-626502f22c95",
    "data": [
      {
        "text": "Show the results for the database ",
        "userDefined": false
      },
      {
        "text": "titanic",
        "alias": "Dataset",
        "meta": "@sys.any",
        "userDefined": true
      }
    ],
    "isTemplate": false,
    "count": 0
  },
  {
    "id": "a941f3b7-cd45-481a-8d3d-5c2679498a8e",
    "data": [
      {
        "text": "Show the results from ",
        "userDefined": false
      },
      {
        "text": "10",
        "alias": "from",
        "meta": "@sys.number",
        "userDefined": true
      },
      {
        "text": " to ",
        "userDefined": false
      },
      {
        "text": "50",
        "alias": "to",
        "meta": "@sys.number",
        "userDefined": true
      }
    ],
    "isTemplate": false,
    "count": 0
  },
  {
    "id": "36af59ae-abf1-400b-9edb-0175d0346239",
    "data": [
      {
        "text": "plot the ",
        "userDefined": false
      },
      {
        "text": "actual dataset",
        "alias": "Dataset",
        "meta": "@sys.any",
        "userDefined": true
      },
      {
        "text": " from ",
        "userDefined": false
      },
      {
        "text": "5",
        "alias": "from",
        "meta": "@sys.number",
        "userDefined": true
      },
      {
        "text": " to ",
        "userDefined": false
      },
      {
        "text": "10",
        "alias": "to",
        "meta": "@sys.number",
        "userDefined": false
      },
      {
        "text": " for the column ",
        "userDefined": false
      },
      {
        "text": "Age",
        "alias": "columns",
        "meta": "@sys.any",
        "userDefined": true
      }
    ],
    "isTemplate": false,
    "count": 0
  },
  {
    "id": "d66653b3-8ce5-4162-b490-0b2bb6a6364f",
    "data": [
      {
        "text": "plot ",
        "userDefined": false
      },
      {
        "text": "titanic",
        "alias": "Dataset",
        "meta": "@sys.any",
        "userDefined": true
      }
    ],
    "isTemplate": false,
    "count": 1
  },
  {
    "id": "21628d93-7bd1-4b01-9fdf-75432657a1ac",
    "data": [
      {
        "text": "show the result for ",
        "userDefined": false
      },
      {
        "text": "energy",
        "alias": "Dataset",
        "meta": "@sys.any",
        "userDefined": false
      }
    ],
    "isTemplate": false,
    "count": 0
  },
  {
    "id": "ea0efa01-3a57-477e-acff-9345c24301fa",
    "data": [
      {
        "text": "print graphically the ",
        "userDefined": false
      },
      {
        "text": "current dataset",
        "alias": "Dataset",
        "meta": "@sys.any",
        "userDefined": false
      },
      {
        "text": " for ",
        "userDefined": false
      },
      {
        "text": "Fare",
        "alias": "columns",
        "meta": "@sys.any",
        "userDefined": true
      },
      {
        "text": " and ",
        "userDefined": false
      },
      {
        "text": "Age",
        "alias": "columns",
        "meta": "@sys.any",
        "userDefined": true
      }
    ],
    "isTemplate": false,
    "count": 0
  }
]