[
  {
    "id": "211bfb68-441e-4dc7-a44f-18f524316538",
    "data": [
      {
        "text": "show workspace",
        "userDefined": false
      }
    ],
    "isTemplate": false,
    "count": 0
  },
  {
    "id": "d871504a-487e-45c9-b16c-9cb576a816a8",
    "data": [
      {
        "text": "print the workspace",
        "userDefined": false
      }
    ],
    "isTemplate": false,
    "count": 0
  },
  {
    "id": "d0f7e26b-ecec-4ebf-98ad-df8015e1f63e",
    "data": [
      {
        "text": "show the actual workspace",
        "userDefined": false
      }
    ],
    "isTemplate": false,
    "count": 0
  }
]