[
  {
    "id": "5a907c30-80fd-405c-af58-5beee7faaf8d",
    "data": [
      {
        "text": "split ",
        "userDefined": false
      },
      {
        "text": "the dataset",
        "meta": "@sys.ignore",
        "userDefined": false
      },
      {
        "text": " ",
        "userDefined": false
      },
      {
        "text": "random0",
        "alias": "Dataset",
        "meta": "@sys.any",
        "userDefined": true
      },
      {
        "text": " by ",
        "userDefined": false
      },
      {
        "text": "2",
        "alias": "split",
        "meta": "@sys.number",
        "userDefined": false
      },
      {
        "text": " columns",
        "userDefined": false
      }
    ],
    "isTemplate": false,
    "count": 0,
    "updated": 0
  },
  {
    "id": "ee8871a6-bc71-478e-89ff-5caaaf2a6547",
    "data": [
      {
        "text": "split by columns ",
        "userDefined": false
      },
      {
        "text": "energy",
        "alias": "Dataset",
        "meta": "@sys.any",
        "userDefined": false
      }
    ],
    "isTemplate": false,
    "count": 0
  },
  {
    "id": "bffbdc0c-312d-4408-836a-2bdc6d4b6dc5",
    "data": [
      {
        "text": "split ",
        "userDefined": false
      },
      {
        "text": "energy",
        "alias": "Dataset",
        "meta": "@sys.any",
        "userDefined": false
      },
      {
        "text": " by ",
        "userDefined": false
      },
      {
        "text": "20",
        "alias": "split",
        "meta": "@sys.number",
        "userDefined": false
      },
      {
        "text": " columns",
        "userDefined": false
      }
    ],
    "isTemplate": false,
    "count": 0
  },
  {
    "id": "cad08bf8-ef5b-40b9-b9a7-eede7973e375",
    "data": [
      {
        "text": "split ",
        "userDefined": false
      },
      {
        "text": "the dataset",
        "meta": "@sys.ignore",
        "userDefined": false
      },
      {
        "text": " ",
        "userDefined": false
      },
      {
        "text": "energy",
        "alias": "Dataset",
        "meta": "@sys.any",
        "userDefined": false
      },
      {
        "text": " by ",
        "userDefined": false
      },
      {
        "text": "20",
        "alias": "split",
        "meta": "@sys.number",
        "userDefined": false
      },
      {
        "text": " columns",
        "userDefined": false
      }
    ],
    "isTemplate": false,
    "count": 0
  }
]