[
  {
    "id": "bc6efdb9-042f-44d2-ab0b-68f404e92022",
    "data": [
      {
        "text": "split ",
        "userDefined": false
      },
      {
        "text": "random0",
        "alias": "Dataset",
        "meta": "@sys.any",
        "userDefined": true
      },
      {
        "text": " by ",
        "userDefined": false
      },
      {
        "text": "20",
        "alias": "split",
        "meta": "@sys.number",
        "userDefined": false
      },
      {
        "text": " rows",
        "userDefined": false
      }
    ],
    "isTemplate": false,
    "count": 0,
    "updated": 0
  },
  {
    "id": "8d9bfe4d-b62c-4157-9223-c6432c286117",
    "data": [
      {
        "text": "split by rows ",
        "userDefined": false
      },
      {
        "text": "the dataset",
        "meta": "@sys.ignore",
        "userDefined": false
      },
      {
        "text": " ",
        "userDefined": false
      },
      {
        "text": "energy",
        "alias": "Dataset",
        "meta": "@sys.any",
        "userDefined": false
      }
    ],
    "isTemplate": false,
    "count": 0
  },
  {
    "id": "c6babc21-62ec-4d65-81c4-2360e773cc9a",
    "data": [
      {
        "text": "split ",
        "userDefined": false
      },
      {
        "text": "energy",
        "alias": "Dataset",
        "meta": "@sys.any",
        "userDefined": false
      },
      {
        "text": " by ",
        "userDefined": false
      },
      {
        "text": "20",
        "alias": "split",
        "meta": "@sys.number",
        "userDefined": false
      },
      {
        "text": " rows",
        "userDefined": false
      }
    ],
    "isTemplate": false,
    "count": 0
  },
  {
    "id": "bc99d8a7-5331-419e-a771-56af84ff34bd",
    "data": [
      {
        "text": "split ",
        "userDefined": false
      },
      {
        "text": "the dataset",
        "meta": "@sys.ignore",
        "userDefined": false
      },
      {
        "text": " ",
        "userDefined": false
      },
      {
        "text": "energy",
        "alias": "Dataset",
        "meta": "@sys.any",
        "userDefined": false
      },
      {
        "text": " by ",
        "userDefined": false
      },
      {
        "text": "20",
        "alias": "split",
        "meta": "@sys.number",
        "userDefined": false
      },
      {
        "text": " rows",
        "userDefined": false
      }
    ],
    "isTemplate": false,
    "count": 0
  }
]