[
  {
    "id": "3a827ca4-691e-48de-a55c-d029344af681",
    "data": [
      {
        "text": "select by rows from ",
        "userDefined": false
      },
      {
        "text": "1",
        "alias": "from",
        "meta": "@sys.number",
        "userDefined": true
      },
      {
        "text": " to ",
        "userDefined": false
      },
      {
        "text": "10",
        "alias": "to",
        "meta": "@sys.number",
        "userDefined": false
      },
      {
        "text": " from ",
        "userDefined": false
      },
      {
        "text": "energy",
        "alias": "Dataset",
        "meta": "@Dataset",
        "userDefined": false
      }
    ],
    "isTemplate": false,
    "count": 0
  },
  {
    "id": "ae5895b2-ff5d-4df5-98f2-dc6f5afe9a77",
    "data": [
      {
        "text": "Get a subset ",
        "userDefined": false
      },
      {
        "text": "dataset",
        "meta": "@sys.ignore",
        "userDefined": false
      },
      {
        "text": " of ",
        "userDefined": false
      },
      {
        "text": "energy",
        "alias": "Dataset",
        "meta": "@Dataset",
        "userDefined": false
      }
    ],
    "isTemplate": false,
    "count": 0
  },
  {
    "id": "236f7bbd-cef4-4a17-8fea-87b72c80ac8a",
    "data": [
      {
        "text": "Obtain a subset of ",
        "userDefined": false
      },
      {
        "text": "energy",
        "alias": "Dataset",
        "meta": "@Dataset",
        "userDefined": false
      },
      {
        "text": " by rows from ",
        "userDefined": false
      },
      {
        "text": "25",
        "alias": "from",
        "meta": "@sys.number",
        "userDefined": true
      },
      {
        "text": " to ",
        "userDefined": false
      },
      {
        "text": "60",
        "alias": "to",
        "meta": "@sys.number",
        "userDefined": true
      }
    ],
    "isTemplate": false,
    "count": 0
  }
]