[
  {
    "id": "873fae82-578f-492c-94dc-be978b7fcf05",
    "data": [
      {
        "text": "obtain a subset from ",
        "userDefined": false
      },
      {
        "text": "random0",
        "alias": "Dataset",
        "meta": "@Dataset",
        "userDefined": false
      },
      {
        "text": " by columns at ",
        "userDefined": false
      },
      {
        "text": "col2",
        "alias": "cols",
        "meta": "@sys.any",
        "userDefined": false
      },
      {
        "text": ", ",
        "userDefined": false
      },
      {
        "text": "col5",
        "alias": "cols",
        "meta": "@sys.any",
        "userDefined": true
      },
      {
        "text": ", and ",
        "userDefined": false
      },
      {
        "text": "col9",
        "alias": "cols",
        "meta": "@sys.any",
        "userDefined": false
      }
    ],
    "isTemplate": false,
    "count": 0,
    "updated": 0
  },
  {
    "id": "6e6f46c6-eb1d-4a89-8b3b-13f23fbe7b5f",
    "data": [
      {
        "text": "get subset by column from ",
        "userDefined": false
      },
      {
        "text": "random1",
        "alias": "Dataset",
        "meta": "@Dataset",
        "userDefined": true
      },
      {
        "text": " at columns ",
        "userDefined": false
      },
      {
        "text": "col0",
        "alias": "cols",
        "meta": "@sys.any",
        "userDefined": true
      },
      {
        "text": ", ",
        "userDefined": false
      },
      {
        "text": "col5",
        "alias": "cols",
        "meta": "@sys.any",
        "userDefined": true
      },
      {
        "text": " and ",
        "userDefined": false
      },
      {
        "text": "col9",
        "alias": "cols",
        "meta": "@sys.any",
        "userDefined": true
      }
    ],
    "isTemplate": false,
    "count": 0,
    "updated": 0
  },
  {
    "id": "d37720ef-9bcd-46e1-ab60-b7aeb1182ad2",
    "data": [
      {
        "text": "select by columns ",
        "userDefined": false
      },
      {
        "text": "index",
        "alias": "cols",
        "meta": "@sys.any",
        "userDefined": true
      },
      {
        "text": " and ",
        "userDefined": false
      },
      {
        "text": "profile",
        "alias": "cols",
        "meta": "@sys.any",
        "userDefined": true
      },
      {
        "text": " from ",
        "userDefined": false
      },
      {
        "text": "energy",
        "alias": "Dataset",
        "meta": "@Dataset",
        "userDefined": false
      }
    ],
    "isTemplate": false,
    "count": 0
  },
  {
    "id": "bafa9898-31cb-4844-b837-55163726e98d",
    "data": [
      {
        "text": "select by columns ",
        "userDefined": false
      },
      {
        "text": "profile",
        "alias": "cols",
        "meta": "@sys.any",
        "userDefined": true
      },
      {
        "text": " from ",
        "userDefined": false
      },
      {
        "text": "energy",
        "alias": "Dataset",
        "meta": "@Dataset",
        "userDefined": false
      }
    ],
    "isTemplate": false,
    "count": 0
  },
  {
    "id": "3d948da8-eb74-4710-be12-4de530b9310e",
    "data": [
      {
        "text": "Get a subset ",
        "userDefined": false
      },
      {
        "text": "of",
        "meta": "@sys.ignore",
        "userDefined": false
      },
      {
        "text": " ",
        "userDefined": false
      },
      {
        "text": "energy",
        "alias": "Dataset",
        "meta": "@Dataset",
        "userDefined": false
      },
      {
        "text": " by columns",
        "userDefined": false
      }
    ],
    "isTemplate": false,
    "count": 0
  },
  {
    "id": "4a3f9bb2-69e9-4d0e-8006-c91f8d0ed042",
    "data": [
      {
        "text": "Obtain a subset of ",
        "userDefined": false
      },
      {
        "text": "energy",
        "alias": "Dataset",
        "meta": "@Dataset",
        "userDefined": false
      },
      {
        "text": " by columns ",
        "userDefined": false
      },
      {
        "text": "col0",
        "alias": "cols",
        "meta": "@sys.any",
        "userDefined": true
      },
      {
        "text": ", ",
        "userDefined": false
      },
      {
        "text": "col1",
        "alias": "cols",
        "meta": "@sys.any",
        "userDefined": true
      },
      {
        "text": ", ",
        "userDefined": false
      },
      {
        "text": "col2",
        "alias": "cols",
        "meta": "@sys.any",
        "userDefined": true
      },
      {
        "text": " and ",
        "userDefined": false
      },
      {
        "text": "col5",
        "alias": "cols",
        "meta": "@sys.any",
        "userDefined": true
      }
    ],
    "isTemplate": false,
    "count": 0
  }
]