[
  {
    "value": "energy-consumption",
    "synonyms": [
      "energy-consumption"
    ]
  },
  {
    "value": "ecg",
    "synonyms": [
      "ecg"
    ]
  },
  {
    "value": "current_dataset",
    "synonyms": [
      "current dataset",
      "this dataset",
      "dataset loaded",
      "actual dataset",
      "himself"
    ]
  },
  {
    "value": "energia",
    "synonyms": [
      "energia"
    ]
  },
  {
    "value": "energy",
    "synonyms": [
      "energy"
    ]
  },
  {
    "value": "music",
    "synonyms": [
      "music"
    ]
  },
  {
    "value": "random",
    "synonyms": [
      "random"
    ]
  }
]