[
  {
    "value": "visvalingam",
    "synonyms": [
      "visvalingam"
    ]
  },
  {
    "value": "paa",
    "synonyms": [
      "paa",
      "piecewise aggregate aproximation"
    ]
  },
  {
    "value": "pip",
    "synonyms": [
      "pip",
      "perceptually important points"
    ]
  },
  {
    "value": "pla_bottom_up",
    "synonyms": [
      "pla_bottom_up",
      "piecewise linear aproximation bottomUP",
      "piecewise linear aproximation bottom up",
      "PLABottomUp"
    ]
  },
  {
    "value": "pla_sliding_window",
    "synonyms": [
      "Piecewise Linear Approximation Sliding Window",
      "pla_sliding_window",
      "PLASlidingWindow"
    ]
  },
  {
    "value": "ramer_douglas_peucker",
    "synonyms": [
      "ramer_douglas_peucker",
      "Ramer–Douglas–Peucker",
      "RamerDouglasPeucker",
      "Ramer Douglas Peucker"
    ]
  },
  {
    "value": "sax",
    "synonyms": [
      "sax",
      "symbolic aggregate approximation"
    ]
  }
]