[
  {
    "value": "geometric",
    "synonyms": [
      "geometric",
      "geometric distribution"
    ]
  },
  {
    "value": "chi-squared",
    "synonyms": [
      "chi-squared",
      "chi squared",
      "chi square",
      "chi-sqared distribution",
      "chi squared distribution",
      "chi square distribution"
    ]
  },
  {
    "value": "uniform",
    "synonyms": [
      "uniform",
      "uniform distribution"
    ]
  },
  {
    "value": "hypergeometric",
    "synonyms": [
      "hypergeometric",
      "hypergeometrical",
      "hypergeometric distribution",
      "hypergeometrical distribution"
    ]
  },
  {
    "value": "binomial",
    "synonyms": [
      "binomial",
      "binomial distribution"
    ]
  },
  {
    "value": "bernoulli",
    "synonyms": [
      "bernoulli",
      "bernoulli distribution"
    ]
  },
  {
    "value": "log normal",
    "synonyms": [
      "log normal",
      "logarithmic normal",
      "log normal distribution",
      "logarithmic normal distribution"
    ]
  },
  {
    "value": "gaussian",
    "synonyms": [
      "gaussian",
      "gaussian distribution",
      "normal distribution"
    ]
  },
  {
    "value": "negative binomial",
    "synonyms": [
      "negative binomial",
      "negative binomial distribution"
    ]
  },
  {
    "value": "student t",
    "synonyms": [
      "student t",
      "student",
      "student\u0027s t",
      "student\u0027s",
      "student distribution",
      "student tdistribution",
      "student\u0027s distribution",
      "student\u0027s t distribution"
    ]
  },
  {
    "value": "exponential",
    "synonyms": [
      "exponential",
      "exponential distribution"
    ]
  },
  {
    "value": "weibull",
    "synonyms": [
      "weibull",
      "weibull distribution"
    ]
  },
  {
    "value": "gamma",
    "synonyms": [
      "gamma",
      "gamma distribution"
    ]
  },
  {
    "value": "poisson",
    "synonyms": [
      "poisson",
      "poisson distribution"
    ]
  },
  {
    "value": "beta",
    "synonyms": [
      "beta",
      "beta distribution"
    ]
  }
]