[
  {
    "value": "dtw",
    "synonyms": [
      "dtw",
      "dynamic time warping",
      "dynamic time warping distance"
    ]
  },
  {
    "value": "manhattan",
    "synonyms": [
      "manhattan",
      "manhattan distance",
      "distance of manhattan"
    ]
  },
  {
    "value": "hamming",
    "synonyms": [
      "hamming",
      "hamming distance"
    ]
  },
  {
    "value": "euclidean",
    "synonyms": [
      "euclidean",
      "euclidean distance"
    ]
  },
  {
    "value": "squared_euclidean",
    "synonyms": [
      "squared euclidean",
      "squared euclidean distance"
    ]
  },
  {
    "value": "sbd",
    "synonyms": [
      "shape-based",
      "shape based",
      "shape-based distance",
      "shape based distance",
      "sbd"
    ]
  }
]