[
  {
    "value": "get_backend",
    "synonyms": [
      "backend"
    ]
  },
  {
    "value": "get_backend_info",
    "synonyms": [
      "backend info"
    ]
  },
  {
    "value": "get_backends",
    "synonyms": [
      "backends"
    ]
  },
  {
    "value": "get_device_count",
    "synonyms": [
      "device count",
      "device number",
      "number of devices"
    ]
  },
  {
    "value": "get_device_id",
    "synonyms": [
      "device id"
    ]
  },
  {
    "value": "set_backend",
    "synonyms": [
      "set_backend"
    ]
  },
  {
    "value": "set_device",
    "synonyms": [
      "set_device"
    ]
  },
  {
    "value": "version",
    "synonyms": [
      "version"
    ]
  }
]