[
  {
    "value": "backends",
    "synonyms": [
      "backends",
      "all the backend",
      "all backend"
    ]
  },
  {
    "value": "device_count",
    "synonyms": [
      "device count",
      "device number",
      "number of devices"
    ]
  },
  {
    "value": "device_id",
    "synonyms": [
      "device id"
    ]
  },
  {
    "value": "device",
    "synonyms": [
      "device"
    ]
  },
  {
    "value": "backend",
    "synonyms": [
      "backend"
    ]
  },
  {
    "value": "backend_info",
    "synonyms": [
      "backend info"
    ]
  },
  {
    "value": "version",
    "synonyms": [
      "version"
    ]
  }
]