[
  {
    "value": "stomp_self_join",
    "synonyms": [
      "stomp self join",
      "stomp on himself"
    ]
  },
  {
    "value": "find_best_n_discords",
    "synonyms": [
      "find best n discords",
      "find best discords",
      "Find the best n discords",
      "best discords",
      "best n discords",
      "discords"
    ]
  },
  {
    "value": "find_best_n_motifs",
    "synonyms": [
      "find best n motifs",
      "find best motifs",
      "Find the best n motifs",
      "best motifs",
      "best n motifs",
      "motifs"
    ]
  },
  {
    "value": "stomp",
    "synonyms": [
      "stomp"
    ]
  }
]