[
  {
    "value": "znorm",
    "synonyms": [
      "znorm",
      "znormalization",
      "z normalization"
    ]
  },
  {
    "value": "decimal_scaling_norm",
    "synonyms": [
      "decimal scaling norm",
      "decimal scaling normalization"
    ]
  },
  {
    "value": "max_min_norm",
    "synonyms": [
      "max min norm",
      "maxmin norm",
      "maximal minimal norm",
      "maximal minimal normalization",
      "maxmin normaization"
    ]
  },
  {
    "value": "mean_norm",
    "synonyms": [
      "mean norm",
      "mean normalization"
    ]
  },
  {
    "value": "znorm_in_place",
    "synonyms": [
      "znorm in place",
      "znormalization in place",
      "z normalization in place"
    ]
  },
  {
    "value": "decimal_scaling_norm_in_place",
    "synonyms": [
      "decimal scaling norm in place",
      "decimal scaling normalization in place"
    ]
  },
  {
    "value": "max_min_norm_in_place",
    "synonyms": [
      "max min norm in place",
      "maximal minimal norm in place",
      "maxmin norm in place",
      "maximal minimal normalization in place",
      "maxmin normalization in place"
    ]
  },
  {
    "value": "mean_norm_in_place",
    "synonyms": [
      "mean norm in place",
      "mean normalization in place"
    ]
  }
]