[
  {
    "value": "kurtosis",
    "synonyms": [
      "kurtosis"
    ]
  },
  {
    "value": "moment",
    "synonyms": [
      "moment"
    ]
  },
  {
    "value": "covariance",
    "synonyms": [
      "covariance"
    ]
  },
  {
    "value": "ljunk_box",
    "synonyms": [
      "ljunk box",
      "Ljung-Box"
    ]
  },
  {
    "value": "sample_stdev",
    "synonyms": [
      "sample stdev",
      "stdev",
      "standart deviation"
    ]
  },
  {
    "value": "quantiles_cut",
    "synonyms": [
      "quantiles cut",
      "quantile cut",
      "cut on quantiles"
    ]
  },
  {
    "value": "quantile",
    "synonyms": [
      "quantile"
    ]
  },
  {
    "value": "skewness",
    "synonyms": [
      "skewness"
    ]
  }
]